datetime,count
2012-06-05 05:00:00,114.19296716107525
2011-03-19 19:00:00,260.4578733751341
2012-04-02 06:00:00,119.55433028814996
2012-07-13 20:00:00,301.3260077877164
2011-11-09 19:00:00,183.28922716440394
2012-03-10 00:00:00,143.21353922963664
2011-05-19 13:00:00,169.90314114434764
2011-05-01 08:00:00,126.02751467219876
2012-07-07 08:00:00,341.68211718298056
2011-05-07 16:00:00,353.27615844993994
2011-04-09 11:00:00,77.76404507014801
2011-06-16 04:00:00,183.48144325173615
2012-07-13 22:00:00,285.38873935398226
2012-03-02 14:00:00,198.5284899196107
2012-05-18 15:00:00,315.9432691987549
2011-12-14 22:00:00,173.3631203878761
2012-02-17 19:00:00,194.00946311914103
2012-04-15 18:00:00,354.7416330980779
2012-10-06 23:00:00,216.18285555209243
2012-07-17 00:00:00,146.70662572727275
2012-09-13 11:00:00,287.3261764907754
2012-01-13 07:00:00,113.02815164584726
2012-08-11 08:00:00,109.57013513226671
2011-09-17 08:00:00,139.4381150365298
2011-11-04 11:00:00,205.05822287634334
2011-10-01 11:00:00,113.76725670682987
2011-03-03 12:00:00,98.62393311232958
2012-12-05 19:00:00,263.3691884832868
2012-06-18 23:00:00,149.63351314979042
2012-09-19 18:00:00,306.5128221117476
2011-11-08 19:00:00,231.19967938743855
2011-02-18 13:00:00,297.0236618598112
2011-11-07 10:00:00,78.69624950496237
2011-08-10 14:00:00,414.1009013379479
2012-05-02 00:00:00,147.53270215465432
2011-01-14 14:00:00,96.84022513914361
2011-07-17 01:00:00,209.21666752834545
2011-07-14 15:00:00,391.7535151972562
2011-03-04 03:00:00,69.86982339918022
2012-12-18 15:00:00,294.6871685160997
2012-12-14 10:00:00,96.28595867405254
2011-05-14 03:00:00,103.96866731358813
2012-03-19 23:00:00,189.16599188174072
2011-01-08 05:00:00,16.53550517289031
2011-08-13 06:00:00,171.7227685376269
2011-08-04 02:00:00,106.99745084221502
2012-02-03 05:00:00,113.02815164584726
2012-12-16 21:00:00,78.53076386975361
2011-01-04 09:00:00,75.8813500180411
2011-04-06 01:00:00,90.04251192007443
2012-03-09 11:00:00,148.40773158030657
2012-10-12 20:00:00,273.9641881329641
2011-06-14 20:00:00,245.43516159432824
2012-12-06 02:00:00,166.85493668814087
2012-12-03 02:00:00,162.81438332022293
2011-07-10 17:00:00,456.4097627776999
2012-01-09 22:00:00,67.74768131683055
2012-01-10 17:00:00,215.56278235251756
2012-08-07 04:00:00,139.9998919807523
2011-01-17 04:00:00,57.34644737049476
2011-05-03 15:00:00,270.2738235472879
2012-04-08 07:00:00,241.211147059896
2011-07-04 05:00:00,172.8410026227612
2011-01-13 14:00:00,95.15770470095083
2012-08-18 23:00:00,218.73293586292834
2012-12-11 00:00:00,143.95200387638263
2012-03-11 09:00:00,77.70210859085779
2012-03-18 08:00:00,112.56736683943733
2011-12-06 03:00:00,160.0434026187296
2011-11-05 14:00:00,346.5835291288647
2012-10-10 11:00:00,300.3860852169329
2011-11-02 20:00:00,195.40359519178622
2011-07-18 21:00:00,242.54757532315688
2011-03-09 15:00:00,146.5780950259782
2012-12-10 17:00:00,182.69051837286787
2011-01-02 20:00:00,138.1933009417458
2012-10-01 10:00:00,261.99350911770694
2012-07-17 14:00:00,456.7571979845397
2012-03-07 15:00:00,286.69368233417003
2011-02-09 22:00:00,31.358026162192346
2011-01-16 01:00:00,88.77924845619943
2012-02-19 12:00:00,111.06802030647287
2011-02-09 02:00:00,2.988499549864713
2011-09-06 09:00:00,164.30744410241672
2011-06-11 08:00:00,286.5911840496586
2011-02-08 02:00:00,91.67970405356915
2012-08-15 14:00:00,316.39813719067007
2011-05-17 12:00:00,142.932038865652
2012-04-03 18:00:00,328.8315198185749
2011-05-14 07:00:00,64.19636798721075
2011-01-06 08:00:00,57.006472163965555
2011-05-04 22:00:00,144.4594686137898
2011-08-14 18:00:00,254.63729705503894
2012-12-01 18:00:00,154.6846375145494
2011-01-11 17:00:00,64.82733933144172
2011-02-10 17:00:00,59.87438216361244
2011-02-08 23:00:00,25.543986245988094
2011-03-13 04:00:00,108.02164115573319
2012-06-18 15:00:00,202.57053340740086
2012-04-16 18:00:00,462.0485639574544
2011-09-05 10:00:00,265.30234793346574
2012-09-17 05:00:00,110.19197279513753
2011-12-05 19:00:00,189.60793930501606
2011-01-10 01:00:00,35.69850679361181
2012-05-08 08:00:00,179.2348905573109
2011-07-08 16:00:00,158.27648599914806
2012-09-06 07:00:00,163.24878712042548
2012-11-06 17:00:00,204.92468240146474
2012-03-05 20:00:00,117.96503526123064
2011-10-01 13:00:00,127.15430148481836
2011-04-17 14:00:00,300.7318380658475
2012-08-18 11:00:00,305.6548884045404
2012-09-03 22:00:00,200.04344854904
2011-03-13 08:00:00,191.6440575165899
2011-05-12 08:00:00,125.18412968911267
2011-10-10 11:00:00,227.29970598298422
2012-04-11 10:00:00,131.72388334106842
2011-05-15 09:00:00,119.30390860462677
2011-10-06 17:00:00,312.9942825504984
2011-06-12 07:00:00,135.29457102286437
2011-04-15 20:00:00,132.8579515221142
2012-04-05 14:00:00,235.77649451247825
2012-04-13 14:00:00,267.71560209293517
2012-05-10 08:00:00,172.36860222102723
2011-02-02 15:00:00,149.33856541735176
2011-03-09 09:00:00,118.4688595266107
2012-05-19 20:00:00,339.27278475509524
2012-07-11 18:00:00,369.486796009008
2012-04-18 02:00:00,222.64309189742835
2012-09-19 13:00:00,329.78632272349364
2012-11-04 20:00:00,176.45199213484042
2012-12-15 11:00:00,172.0238343163208
2012-04-08 03:00:00,270.68638074267784
2011-09-11 00:00:00,45.404265421976504
2012-12-16 11:00:00,96.90147264005103
2012-03-03 15:00:00,296.6651436975524
2011-11-03 12:00:00,291.2257960221387
2012-01-15 01:00:00,26.327252249527078
2011-10-07 01:00:00,101.825235728477
2011-11-07 00:00:00,90.74086741722061
2011-03-04 18:00:00,156.87083828041995
2012-03-14 12:00:00,293.23152068846764
2012-05-11 04:00:00,177.39252922840964
2012-12-16 07:00:00,95.28746792860326
2011-03-01 11:00:00,131.8408249131985
2012-01-12 05:00:00,96.23170459490206
2011-08-13 21:00:00,188.3873162175782
2012-11-19 01:00:00,193.43809766687224
2012-09-09 12:00:00,314.82958334349286
2011-09-06 16:00:00,100.42500688305525
2012-08-17 14:00:00,441.740853229624
2011-08-16 07:00:00,218.29349675108182
2011-04-01 06:00:00,34.26676046215201
2012-06-03 17:00:00,392.0192544731217
2012-01-09 17:00:00,61.02682987131476
2012-10-18 04:00:00,127.28192019379537
2012-06-02 21:00:00,339.7675683645187
2011-12-02 17:00:00,300.2585262097149
2012-08-02 14:00:00,366.0739842565046
2011-12-03 05:00:00,78.0840397628374
2012-10-12 19:00:00,295.2719399200727
2012-05-02 17:00:00,193.62499432881876
2012-11-07 14:00:00,194.55121161546342
2012-04-05 03:00:00,209.2484680734969
2012-06-03 12:00:00,361.57088459849297
2011-04-01 03:00:00,58.11684111410676
2011-01-04 05:00:00,35.833982723400794
2012-04-06 03:00:00,143.5977421678437
2012-07-09 18:00:00,304.5421326361663
2012-08-17 22:00:00,200.39875092683565
2012-11-17 14:00:00,327.6223976257906
2012-03-19 21:00:00,238.11205525353154
2012-01-05 15:00:00,197.6146836819873
2011-02-17 03:00:00,155.70748002871437
2011-04-13 04:00:00,65.9796109655082
2011-11-18 04:00:00,180.1813703158316
2011-09-12 06:00:00,99.01142471589523
2011-12-13 08:00:00,109.18865465777884
2011-01-06 21:00:00,77.97870932365453
2011-11-11 18:00:00,250.87128191248593
2012-03-08 16:00:00,269.6392860859023
2012-09-05 18:00:00,212.59556627015849
2011-03-09 09:00:00,102.53416491121203
2011-06-02 09:00:00,379.3562125357756
2012-03-19 14:00:00,259.3506251066061
2012-11-10 02:00:00,66.29919301082589
2012-12-18 21:00:00,232.8446257776414
2011-05-02 04:00:00,126.59173858886948
2011-05-08 04:00:00,47.93606476043573
2012-08-17 01:00:00,156.48367100166047
2011-11-14 23:00:00,263.7377340798426
2011-11-15 05:00:00,240.1796368957552
2012-01-09 23:00:00,81.33245083880114
2012-11-10 05:00:00,21.366803080925393
2011-12-03 14:00:00,262.0345389561431
2011-03-08 14:00:00,179.64193464371442
2012-09-08 15:00:00,132.22440115131377
2012-08-13 09:00:00,299.87357870934954
2011-05-04 06:00:00,56.34298890532267
2011-03-17 21:00:00,183.19040382308503
2012-04-01 02:00:00,90.92211809773437
2012-03-15 17:00:00,333.5797154966477
2012-05-05 10:00:00,234.32512927574754
2012-10-11 14:00:00,365.9372484297937
2012-06-14 05:00:00,242.83695007861485
2011-08-01 05:00:00,127.59100046905736
2011-08-03 03:00:00,281.95747049751543
2011-06-09 06:00:00,167.10631378792323
2011-08-08 17:00:00,375.0803469829217
2011-04-16 22:00:00,51.68857341061283
2011-01-13 05:00:00,51.3275397951364
2012-04-07 20:00:00,340.03432606559926
2012-08-06 01:00:00,162.2530650814803
2012-07-08 00:00:00,333.4938048311613
2011-11-04 12:00:00,251.54653866532706
2011-04-08 13:00:00,94.52333422699397
2011-02-13 17:00:00,257.190846457019
2011-08-01 07:00:00,211.8676285522548
2011-06-10 01:00:00,200.42397550824535
2011-03-11 09:00:00,121.9110179984596
2012-06-12 18:00:00,156.3055321233629
2011-05-15 15:00:00,216.0947511096533
2011-10-01 12:00:00,152.3711958077681
2011-01-08 23:00:00,0.0
2012-06-12 00:00:00,259.39421308527176
2012-04-07 16:00:00,364.9576710263849
2012-05-01 08:00:00,124.64618322540903
2012-09-14 08:00:00,179.79403424737097
2011-05-01 17:00:00,122.88652159882707
2012-11-04 23:00:00,199.04654136660568
2012-01-13 09:00:00,111.31111881488901
2012-01-06 21:00:00,198.68606316794268
2011-07-15 21:00:00,261.32053055645525
2011-05-13 03:00:00,124.0290618550845
2012-12-11 23:00:00,198.44693188060205
2012-06-09 16:00:00,464.1517429467769
2012-02-16 22:00:00,113.8204660335804
2011-12-10 16:00:00,245.81947783435237
2012-07-10 16:00:00,357.89100343932154
2011-10-02 03:00:00,83.7202687901624
2011-08-04 03:00:00,108.91095784261147
2011-07-11 15:00:00,367.61468894250265
2012-04-12 20:00:00,225.44207863634102
2012-01-05 03:00:00,74.89531198116036
2011-02-10 20:00:00,47.33858720939628
2012-06-13 13:00:00,299.338657828172
2011-12-03 06:00:00,100.01656709962481
2011-11-19 07:00:00,105.61738120976443
2011-03-07 06:00:00,93.44438919233225
2012-04-17 08:00:00,290.9242291735492
2012-10-13 17:00:00,352.8009064369873
2012-05-11 04:00:00,184.41489925365664
2011-02-12 07:00:00,0.0
2012-04-09 05:00:00,243.62347341398663
2011-12-10 09:00:00,122.30969037982919
2011-12-06 21:00:00,108.479419991634
2012-12-18 00:00:00,123.2404578405886
2011-06-05 05:00:00,261.62293580921767
2011-09-17 11:00:00,202.4099966867393
2012-12-12 05:00:00,158.11427360389456
2011-12-10 20:00:00,205.07563371777482
2012-04-13 10:00:00,217.6993164970517
2011-10-19 02:00:00,210.01208824413803
2011-02-19 00:00:00,325.25845480412397
2012-03-07 04:00:00,127.12713722759678
2011-10-14 16:00:00,379.5147033388457
2012-01-17 21:00:00,206.7295164726829
2012-08-13 02:00:00,193.91511011523596
2011-02-19 06:00:00,257.31086667593985
2011-08-03 06:00:00,213.8950976318713
2012-04-15 08:00:00,180.75524847311334
2011-02-08 03:00:00,95.44027657091486
2011-01-16 10:00:00,65.56494261780242
2012-12-12 21:00:00,197.206548455821
2012-08-02 09:00:00,232.36545730663073
2012-12-17 05:00:00,138.72950807594606
2011-09-01 02:00:00,140.3781517636711
2012-04-19 00:00:00,107.96662667144493
2011-02-19 18:00:00,200.8150660543422
2011-04-05 16:00:00,171.84626016776485
2011-06-08 18:00:00,409.27045400061354
2011-10-18 18:00:00,225.807153269082
2012-02-19 23:00:00,18.12131514279332
2011-01-09 10:00:00,8.042696626188103
2011-02-16 01:00:00,84.47652853191019
2012-12-13 00:00:00,189.66011381672996
2012-06-01 16:00:00,225.88125613394942
2011-03-18 07:00:00,166.80966125388727
2012-12-16 04:00:00,102.41159482820098
2012-05-05 00:00:00,81.20657573261121
2012-08-16 19:00:00,334.2678190434398
2011-08-06 16:00:00,227.63865723532865
2012-04-02 06:00:00,128.7170818053897
2012-01-13 19:00:00,122.4570113091259
2011-05-08 19:00:00,169.18478994668027
2011-08-08 15:00:00,388.45535357257904
2011-11-04 04:00:00,141.05782942933982
2012-08-01 22:00:00,207.6236050849292
2012-02-16 06:00:00,118.69623477649287
2012-01-16 04:00:00,0.0
2012-07-01 03:00:00,148.59090013821194
2011-06-18 23:00:00,271.8448730361555
2011-10-13 06:00:00,119.59231808526393
2011-01-02 00:00:00,130.84549605346552
2011-08-05 00:00:00,173.92919586707208
2012-10-03 15:00:00,315.56274449101005
2012-09-18 09:00:00,192.08117132515954
2012-10-09 19:00:00,223.08789998990036
2012-10-04 09:00:00,175.3041083564208
2011-08-10 16:00:00,454.4787714445198
2012-05-07 05:00:00,90.05637309736883
2012-02-04 05:00:00,17.397791141596798
2012-04-08 04:00:00,208.68753524968918
2012-07-02 13:00:00,404.72721168351524
2011-12-06 16:00:00,115.35541451852201
2011-10-03 20:00:00,160.26093132071932
2012-03-01 22:00:00,182.21380438260584
2012-05-10 10:00:00,240.24272363604294
2011-09-02 20:00:00,154.27073315634948
2011-09-01 11:00:00,290.6583452659122
2012-02-05 06:00:00,73.11415803667366
2011-06-07 21:00:00,202.95731886795315
2011-11-05 22:00:00,140.79277352357326
2011-04-07 14:00:00,243.79962000713016
2012-05-17 02:00:00,159.08603396251453
2012-02-07 14:00:00,226.070735879455
2012-02-09 00:00:00,91.47993035985365
2011-02-12 09:00:00,10.744454188690725
2011-06-02 23:00:00,316.994844730936
2011-11-09 14:00:00,308.04802964053795
2012-09-12 10:00:00,234.5263992475613
2012-03-12 06:00:00,145.88117170996034
2012-05-10 03:00:00,107.32853881992077
2012-01-19 00:00:00,50.99251427576178
2012-06-10 22:00:00,234.4320448527601
2011-11-04 20:00:00,251.96191665551638
2012-01-04 13:00:00,27.86646332560059
2011-09-02 05:00:00,155.25060297531513
2011-02-19 16:00:00,263.2755548313755
2012-05-03 18:00:00,244.71902518544755
2012-12-15 23:00:00,208.45992875719557
2012-05-01 10:00:00,178.03115271455033
2012-06-05 20:00:00,243.96905653678692
2011-01-01 12:00:00,124.71550645970059
2012-06-14 02:00:00,245.8735863675978
2012-07-01 23:00:00,359.4797134519339
2012-06-11 22:00:00,257.63586476920705
2012-05-16 18:00:00,288.04863618424315
2011-03-13 00:00:00,142.96700077860027
2012-06-12 00:00:00,256.5187449671796
2012-03-09 14:00:00,221.60050011496548
2011-10-07 00:00:00,101.825235728477
2011-10-05 21:00:00,163.5304801441518
2011-02-11 05:00:00,14.902064690275381
2012-10-13 00:00:00,200.83163547070643
2012-11-07 18:00:00,187.42646825429836
2012-01-02 19:00:00,83.58037639456766
2012-12-03 07:00:00,111.09827147115256
2012-08-05 17:00:00,411.2726760654191
2012-03-14 20:00:00,306.7169644745591
2011-12-06 01:00:00,158.67271576669108
2011-11-05 16:00:00,304.9976114498453
2012-07-09 11:00:00,259.2399249153831
2011-03-03 18:00:00,110.03283383098
2011-05-08 14:00:00,287.76612933011336
2011-09-04 13:00:00,335.9906106695321
2012-06-05 17:00:00,265.61327982165716
2011-11-07 18:00:00,243.07846360755877
2012-03-02 00:00:00,153.78069949298614
2011-10-02 20:00:00,136.23100892151712
2012-03-13 07:00:00,168.99604967175932
2011-06-12 18:00:00,193.51463677456246
2012-04-13 17:00:00,301.66740579556506
2011-07-14 02:00:00,275.12231074863905
2011-12-11 11:00:00,258.369081689971
2011-04-04 12:00:00,317.54898902210294
2012-03-16 07:00:00,140.92040964941546
2012-05-16 17:00:00,282.64767053069204
2012-04-05 11:00:00,188.9583007095128
2012-11-11 00:00:00,70.51460528574637
2011-09-02 03:00:00,159.39791022614682
2012-05-02 13:00:00,169.0938959079694
2012-06-08 16:00:00,377.009705050783
2012-11-11 02:00:00,32.56829561315038
2012-02-15 12:00:00,187.03981269904236
2012-04-14 04:00:00,76.0660707788115
2011-09-13 23:00:00,149.2043700814425
2011-03-01 12:00:00,143.5120761600966
2011-05-17 03:00:00,105.91596836020459
2011-09-19 10:00:00,213.27035163506912
2011-05-15 02:00:00,58.84426845227205
2012-11-02 14:00:00,241.88484429501014
2012-03-06 20:00:00,149.3934282497719
2012-08-08 14:00:00,325.30685623239884
2012-03-06 17:00:00,183.98617681658544
2011-01-11 09:00:00,59.42594777534916
2011-11-01 08:00:00,165.1370391883084
2012-11-19 03:00:00,193.43809766687224
2012-03-14 06:00:00,136.07517219787837
2012-02-02 20:00:00,178.68619769050326
2011-11-03 00:00:00,142.6113613316349
2011-03-09 04:00:00,85.21083451013598
2011-04-09 03:00:00,0.0
2012-08-14 06:00:00,151.06346420404407
2012-11-15 00:00:00,172.32892636468608
2012-12-13 01:00:00,184.1551746175283
2012-09-03 02:00:00,85.78232425215535
2011-11-01 02:00:00,152.80745911568278
2011-04-01 05:00:00,34.26676046215201
2012-01-01 21:00:00,178.31717079413272
2012-05-16 15:00:00,276.9173983417491
2011-07-15 05:00:00,181.0326843238694
2011-12-02 05:00:00,88.535997220899
2012-02-02 12:00:00,120.7083691099619
2011-08-11 04:00:00,259.4776403092461
2012-10-11 19:00:00,267.0847699802209
2011-06-06 02:00:00,105.53922506211941
2011-11-13 01:00:00,186.50200919063153
2011-06-08 12:00:00,346.24605191287446
2012-07-03 11:00:00,398.48589538992854
2011-01-17 15:00:00,68.2225199183467
2011-04-16 10:00:00,30.947768645974406
2011-04-15 09:00:00,201.0897208696814
2011-05-07 09:00:00,255.75358251843403
2012-12-10 02:00:00,117.21655374626468
2011-09-09 22:00:00,39.78330844351302
2012-06-01 09:00:00,168.27188381629662
2012-05-18 11:00:00,264.10710302609164
2011-12-05 18:00:00,155.55641649315896
2011-04-09 19:00:00,85.94618575660255
2011-08-05 12:00:00,318.0062638782547
2012-08-14 13:00:00,316.3563642331876
2011-06-15 22:00:00,257.3945052077728
2011-07-08 04:00:00,197.09129319451978
2012-10-15 05:00:00,236.08632546458094
2012-01-14 06:00:00,21.762341308930417
2012-02-08 23:00:00,91.47993035985365
2012-07-13 15:00:00,360.6627950624177
2012-10-17 07:00:00,124.8074726012702
2012-07-02 03:00:00,303.7114028905762
2012-11-17 08:00:00,100.825361476345
2011-11-18 08:00:00,178.55345506197466
2012-10-14 02:00:00,123.89707462996384
2011-01-14 07:00:00,27.339601413474014
2012-12-15 10:00:00,156.19418908913565
2011-12-18 01:00:00,62.183532579409075
2011-02-16 05:00:00,85.30272812007753
2011-08-04 08:00:00,196.93799852992873
2011-07-19 19:00:00,212.59556627015849
2012-11-08 00:00:00,140.9016138080972
2012-10-13 18:00:00,312.9452134658484
2012-05-04 00:00:00,193.1379908736977
2011-06-16 17:00:00,168.5565216425125
2011-10-11 17:00:00,226.8857858268556
2012-10-12 03:00:00,142.6113613316349
2011-11-19 17:00:00,306.7695692533147
2011-02-07 05:00:00,46.99217025891119
2012-05-05 15:00:00,209.22920539193603
2012-05-19 07:00:00,136.61208356272846
2012-04-11 06:00:00,103.94549092499696
2012-03-09 17:00:00,252.08419008986795
2012-11-09 21:00:00,133.87928740395347
2011-06-05 17:00:00,278.30356810378174
2012-03-15 18:00:00,308.7152929307267
2012-07-07 04:00:00,212.6023571736867
2012-05-03 08:00:00,99.08023983659969
2012-09-11 22:00:00,195.99177278055646
2011-01-03 16:00:00,123.39867095881442
2012-03-12 02:00:00,168.14086404818826
2011-05-14 23:00:00,73.38920740602629
2011-05-11 13:00:00,240.30735811246592
2011-10-08 13:00:00,399.75768654158094
2011-09-13 19:00:00,210.35550899371094
2011-05-11 18:00:00,279.63846935433986
2011-11-12 11:00:00,223.94837245594317
2012-02-17 07:00:00,97.71843561132366
2012-08-12 10:00:00,325.9847026783795
2011-09-19 00:00:00,180.6518347075366
2011-12-16 23:00:00,215.55462664668562
2012-08-09 18:00:00,353.3061175419697
2011-08-17 19:00:00,296.2036615961372
2011-11-02 04:00:00,82.46097577751523
2011-11-01 07:00:00,140.4416722422469
2011-08-13 06:00:00,179.6929656783334
2012-12-02 13:00:00,151.03467099779363
2011-10-01 00:00:00,235.60817611662094
2012-09-09 23:00:00,270.4367183731299
2011-04-02 20:00:00,122.60049638381841
2011-06-19 07:00:00,188.92484839080734
2011-07-16 15:00:00,390.68303178104736
2012-10-15 03:00:00,235.67037459671917
2011-08-16 17:00:00,351.59293353823296
2011-11-18 22:00:00,183.13122230289628
2012-08-15 19:00:00,243.0687692008982
2012-01-05 09:00:00,85.91737093456639
2011-06-06 09:00:00,247.52728690935464
2011-07-07 15:00:00,390.5943711493881
2011-07-16 07:00:00,173.75505331596054
2012-11-04 00:00:00,152.9552782717753
2012-08-02 06:00:00,100.71798208080979
2012-01-01 08:00:00,10.946029717014198
2012-11-09 05:00:00,176.4129848976269
2011-09-04 01:00:00,115.0118000544542
2012-01-17 02:00:00,71.0512228089032
2012-11-18 02:00:00,43.487144841209556
2011-05-03 12:00:00,256.6613665826311
2012-03-02 18:00:00,104.51467598063013
2012-09-11 03:00:00,170.08526455914577
2011-06-06 19:00:00,271.78423164580727
2012-08-06 06:00:00,199.00664961227915
2012-04-04 11:00:00,267.492971556593
2011-03-19 00:00:00,306.3179464844076
2012-04-01 03:00:00,67.93447964864768
2011-04-19 01:00:00,169.60527683996392
2011-02-16 15:00:00,249.38372855046362
2012-07-16 22:00:00,241.87398358540787
2012-02-14 04:00:00,104.43462841361577
2012-12-13 03:00:00,166.0747957962358
2011-09-19 22:00:00,202.54497153413826
2011-12-05 07:00:00,74.94895604377827
2012-02-04 18:00:00,70.05951394708033
2011-02-09 23:00:00,32.92793250977766
2011-06-06 06:00:00,80.71715162345524
2012-04-12 22:00:00,213.51228311518554
2011-07-17 19:00:00,335.103798334748
2012-03-13 16:00:00,372.0021511204714
2012-06-16 18:00:00,394.20945650681017
2011-04-16 13:00:00,39.66593555858202
2012-11-16 21:00:00,227.85694061836057
2012-12-14 03:00:00,109.18865465777884
2012-06-09 13:00:00,465.12205094787697
2011-06-06 15:00:00,369.8322086115383
2012-04-02 21:00:00,244.24099695542145
2011-01-14 20:00:00,66.83450908658217
2012-01-15 03:00:00,11.035974379208483
2012-09-03 08:00:00,195.12711983870838
2011-08-04 09:00:00,229.87527478682904
2012-07-10 00:00:00,192.55693981184425
2011-08-12 10:00:00,353.97179149247825
2011-02-02 15:00:00,154.16656267413077
2012-04-08 06:00:00,198.15951516952842
2011-05-02 23:00:00,162.25635957394582
2012-06-15 01:00:00,157.92087987939058
2011-09-15 03:00:00,180.2717898315144
2012-12-08 02:00:00,68.61001999503468
2011-11-06 14:00:00,262.53990844696
2012-10-11 23:00:00,231.66315628818415
2012-06-12 17:00:00,160.61752420209524
2011-03-01 20:00:00,123.33584552129501
2012-02-11 09:00:00,24.04825888102414
2011-12-03 15:00:00,271.4416942064594
2012-10-11 09:00:00,281.9218018020254
2011-03-01 10:00:00,109.89909125466446
2011-10-06 11:00:00,293.09584022467556
2012-04-16 10:00:00,214.22089574513046
2012-06-11 15:00:00,362.20152260709665
2012-03-05 11:00:00,104.9751268337117
2012-07-08 05:00:00,261.35247311795956
2011-05-13 00:00:00,142.95031460656446
2011-08-13 01:00:00,310.54723452154155
2011-06-09 07:00:00,188.01470915644342
2011-11-07 20:00:00,167.8522090611787
2011-03-19 09:00:00,218.04389516128384
2011-11-14 13:00:00,357.33932835119606
2011-12-11 08:00:00,56.53788945344246
2012-11-18 20:00:00,149.59879766938835
2012-02-13 11:00:00,97.6155924191139
2012-04-18 18:00:00,121.75890575348332
2011-08-08 06:00:00,246.15481970778325
2011-07-03 10:00:00,254.63729705503894
2012-08-18 06:00:00,131.50498382571402
2012-03-13 02:00:00,157.71175448980387
2012-08-07 18:00:00,268.4917061045659
2011-02-07 22:00:00,91.8785464202215
2012-06-05 22:00:00,220.0749680852786
2011-06-12 11:00:00,311.8079599594683
2012-01-13 11:00:00,100.21026972693656
2012-07-08 22:00:00,248.9587336355567
2011-09-17 23:00:00,77.6278804322012
2012-02-05 04:00:00,39.4196743355981
2011-05-01 19:00:00,103.37459928272796
2012-10-06 14:00:00,349.7647906881033
2012-09-04 16:00:00,267.14599625112214
2012-11-07 01:00:00,168.4362098702882
2011-04-16 14:00:00,87.88230728314767
2012-07-17 17:00:00,390.7103069689054
2012-10-16 21:00:00,207.0262199171117
2011-05-09 15:00:00,295.9854045519188
2011-09-05 09:00:00,262.54086731125483
2012-10-06 12:00:00,354.5065764800533
2012-05-14 07:00:00,101.68959240918161
2012-08-07 12:00:00,296.4986175517556
2012-06-08 23:00:00,243.14902445423604
2011-09-07 21:00:00,125.34278972299388
2012-06-09 13:00:00,478.4844443478285
2012-06-15 23:00:00,255.2092857078523
2012-08-18 19:00:00,352.02700898328493
2012-12-15 08:00:00,115.53040004041195
2012-01-04 14:00:00,31.035337962183547
2012-04-01 07:00:00,106.64764821157182
2011-12-05 08:00:00,62.992536861833315
2011-01-12 08:00:00,60.86917745992801
2012-02-04 19:00:00,47.51994673509199
2011-03-12 02:00:00,65.50673465219653
2011-09-02 05:00:00,154.2242229472499
2011-12-06 22:00:00,110.54876959411398
2011-08-08 21:00:00,261.28386870409844
2011-02-09 20:00:00,27.03008316197176
2012-09-05 03:00:00,193.40951689344757
2012-11-15 22:00:00,181.15621711702084
2012-05-09 04:00:00,114.58979974462824
2011-03-01 06:00:00,86.16185799036982
2011-02-08 10:00:00,90.20115722770637
2011-02-09 00:00:00,13.967159742150926
2011-05-07 10:00:00,271.9576549666367
2012-11-01 08:00:00,229.88575698568343
2011-03-19 09:00:00,212.5716615658298
2011-02-06 15:00:00,161.3653906324924
2011-02-16 07:00:00,81.92121092980506
2011-10-06 09:00:00,231.25601020512323
2012-08-14 21:00:00,261.28540866133267
2011-02-16 12:00:00,181.12644863345687
2011-05-07 06:00:00,79.06826762231103
2012-08-05 15:00:00,524.325210803593
2012-07-18 12:00:00,437.9686495650605
2012-04-15 23:00:00,317.6017293074652
2011-08-09 17:00:00,303.0060639371594
2012-06-09 15:00:00,508.31538345915936
2012-04-11 18:00:00,85.15966877154206
2012-09-09 03:00:00,156.8615205309124
2012-09-10 12:00:00,329.15259058729873
2012-09-15 00:00:00,98.93626497849135
2011-11-15 01:00:00,280.54836465535664
2011-02-18 11:00:00,167.18310087699183
2011-07-04 02:00:00,78.18901472628292
2011-07-02 02:00:00,284.33351880530165
2011-06-16 01:00:00,180.46431990531624
2011-11-02 02:00:00,82.46097577751523
2012-12-03 05:00:00,72.61530432321437
2011-12-12 00:00:00,109.27271831194916
2012-08-04 04:00:00,181.96139980724809
2012-07-02 02:00:00,308.33749240817497
2012-05-06 23:00:00,122.54326958012797
2012-05-03 10:00:00,140.86007553277307
2012-03-05 06:00:00,52.888531513419025
2011-01-17 20:00:00,28.97672825063816
2011-05-19 15:00:00,149.16216879592974
2011-05-01 13:00:00,200.13341732315644
2011-03-05 00:00:00,61.64955329587889
2012-01-18 18:00:00,108.31046090542176
2011-03-09 20:00:00,118.27030573433117
2012-02-07 18:00:00,213.00798305856398
2012-08-15 01:00:00,214.20031648696397
2012-06-17 13:00:00,284.20838011184514
2012-04-09 16:00:00,300.73468708431733
2012-09-15 05:00:00,242.4957764044796
2011-05-10 14:00:00,291.486409164316
2012-06-13 08:00:00,207.39608434455724
2012-01-17 15:00:00,203.91242182656597
2011-06-07 13:00:00,328.3792777536124
2011-04-16 04:00:00,55.771519170054944
2012-09-11 15:00:00,370.7899077370936
2012-04-02 20:00:00,239.81012366718693
2011-07-09 17:00:00,428.16041669752667
2011-07-19 09:00:00,281.8980167743107
2012-06-13 02:00:00,134.01544809971276
2011-10-04 08:00:00,171.98720977406663
2011-05-09 13:00:00,313.03446930916164
2012-11-14 13:00:00,252.5565670830567
2011-09-04 03:00:00,79.55892116845959
2012-08-19 08:00:00,235.30696675719923
2012-03-10 12:00:00,149.99413438800377
2011-10-07 06:00:00,101.2736453064973
2011-12-19 10:00:00,129.3142326912853
2011-06-14 21:00:00,258.2630072609357
2012-01-12 12:00:00,125.33974112877053
2011-04-06 22:00:00,224.62404946813274
2012-05-19 00:00:00,240.04892541576442
2012-07-03 03:00:00,220.5299858148444
2011-03-14 19:00:00,170.9645204947822
2012-07-13 13:00:00,356.8757553704086
2011-03-14 14:00:00,173.62943006112826
2012-02-15 09:00:00,145.79674721865976
2012-11-02 13:00:00,274.2289025434155
2012-02-08 22:00:00,91.06415077502155
2011-05-01 18:00:00,113.67401683875265
2011-12-19 20:00:00,289.6495140454442
2011-03-14 09:00:00,151.13166754817104
2011-12-18 03:00:00,98.69219672933363
2012-05-18 00:00:00,188.760641800822
2011-07-01 16:00:00,409.27268395259927
2012-03-06 06:00:00,71.45747493361239
2012-12-17 22:00:00,125.47459692786038
2012-03-17 21:00:00,193.81099737665778
2011-10-10 19:00:00,226.0897594917411
2012-09-15 04:00:00,233.2485047531378
2012-02-08 03:00:00,96.80261024032036
2012-01-06 15:00:00,281.2681068477148
2012-04-19 08:00:00,118.37398114010045
2012-07-12 04:00:00,176.37744565071492
2012-04-19 00:00:00,106.1473176199126
2012-04-02 16:00:00,259.6389110786864
2012-02-16 17:00:00,91.2320035458994
2012-08-19 15:00:00,251.46928459941392
2012-05-02 23:00:00,157.2762180985496
2012-03-07 14:00:00,245.21116148603429
2011-02-17 18:00:00,245.16826816228894
2011-05-01 16:00:00,166.8747309755884
2012-02-11 05:00:00,18.67319442709146
2012-07-13 06:00:00,265.0759892539585
2011-02-09 14:00:00,83.5616246489746
2012-08-19 02:00:00,239.44185221000188
2012-08-14 07:00:00,159.45385657754417
2011-01-15 00:00:00,44.53206198583365
2011-07-02 00:00:00,333.3648436813976
2011-04-04 02:00:00,137.66863877937698
2012-01-18 08:00:00,142.28093661289364
2012-11-15 23:00:00,193.82920457949535
2012-07-13 23:00:00,317.78950062039763
2012-07-17 08:00:00,284.20817587593586
2012-10-08 21:00:00,195.27207394699758
2012-05-19 02:00:00,219.08132806797033
2012-01-11 22:00:00,95.54103847311187
2011-03-18 10:00:00,243.00383313395565
2011-09-19 08:00:00,163.6014076186574
2012-05-02 20:00:00,157.06031493978645
2011-07-10 00:00:00,267.5972787834284
2012-04-06 11:00:00,200.28647678551684
2012-10-13 16:00:00,406.45389169855684
2011-06-01 19:00:00,198.06000785797667
2011-11-02 00:00:00,86.75852782150692
2011-12-17 15:00:00,187.6399783553298
2011-07-04 21:00:00,284.8948822304767
2012-11-03 01:00:00,220.72634533081592
2012-12-06 09:00:00,178.8364645426445
2012-10-13 10:00:00,295.95580202576537
2011-02-18 21:00:00,330.2850380665499
2012-04-08 21:00:00,301.72260421079756
2012-10-16 00:00:00,235.72773634195948
2011-10-13 09:00:00,121.23135974966888
2012-10-04 11:00:00,264.8339696764475
2012-12-09 10:00:00,108.54672755920166
2012-08-18 13:00:00,389.0799673323889
2011-02-13 04:00:00,46.40480923914194
2011-08-03 12:00:00,259.7856418630361
2012-02-08 09:00:00,93.3112858753794
2012-08-08 17:00:00,320.41192090434254
2011-10-15 06:00:00,146.99163321570188
2011-06-04 07:00:00,207.12911475474837
2011-06-07 05:00:00,118.1155162263531
2011-07-04 10:00:00,338.5566139593399
2012-01-06 00:00:00,76.18049371165283
2011-11-19 03:00:00,144.30362699816942
2011-04-08 09:00:00,119.95525175733745
2012-10-07 06:00:00,285.2897126153963
2012-05-07 02:00:00,144.33598289152783
2012-06-03 20:00:00,353.4665465844822
2011-02-02 21:00:00,98.13822352194885
2012-05-17 22:00:00,243.79962000713016
2012-03-14 22:00:00,221.14846581455527
2011-09-02 11:00:00,199.8521067424205
2011-10-17 08:00:00,286.97845176617966
2011-09-17 18:00:00,184.899780518701
2012-12-06 11:00:00,191.08518505049543
2012-04-17 20:00:00,343.18547405819305
2012-06-05 04:00:00,118.82640257133082
2011-01-06 16:00:00,121.64329407794236
2012-09-15 02:00:00,124.86243744968982
2012-01-12 01:00:00,102.62703541909278
2011-11-14 12:00:00,297.09793317893065
2012-09-13 21:00:00,225.74123589819072
2012-02-12 02:00:00,0.0
2012-09-17 15:00:00,238.89718311491967
2011-05-10 08:00:00,204.62000422549454
2011-10-11 07:00:00,161.32409735115374
2012-12-01 08:00:00,48.473861986144755
2012-07-16 06:00:00,158.78819589598004
2012-01-16 14:00:00,76.98478233421183
2012-11-12 11:00:00,200.05637768346142
2011-12-17 14:00:00,179.8695610458535
2011-06-16 10:00:00,240.92437304718354
2011-09-02 23:00:00,204.2266360497331
2012-08-05 11:00:00,383.1477961909052
2012-02-15 06:00:00,125.88528642904994
2012-07-05 22:00:00,296.3686950707838
2011-06-02 11:00:00,384.8083850415708
2011-12-16 21:00:00,231.64161291404304
2011-10-04 13:00:00,297.09793317893065
2011-02-09 13:00:00,73.20851765536887
2011-01-02 12:00:00,133.2286400744104
2011-03-19 01:00:00,300.612328679737
2012-11-06 16:00:00,236.98219064440912
2012-05-04 10:00:00,187.5142968864483
2011-09-05 17:00:00,144.46326395591552
2011-06-10 12:00:00,318.04068467800914
2012-11-12 23:00:00,240.24342766083063
2012-03-05 19:00:00,116.76402152334786
2011-05-04 03:00:00,56.31837402309722
2011-08-09 12:00:00,314.9921571353127
2011-06-07 06:00:00,153.44551996671646
2012-05-08 03:00:00,170.59236413970484
2012-10-19 20:00:00,188.55335115396065
2011-11-09 09:00:00,66.37868486117105
2012-03-19 03:00:00,126.59680013739089
2012-11-01 06:00:00,189.8797521362439
2011-07-08 14:00:00,302.5499482855132
2012-08-07 13:00:00,318.99076375831237
2012-12-05 13:00:00,313.323409139808
2012-02-09 21:00:00,132.40495981859942
2011-05-02 15:00:00,234.5072939574126
2012-08-05 04:00:00,213.1630946232567
2012-12-18 15:00:00,307.2699112846964
2011-04-15 14:00:00,235.4958213115341
2012-02-19 14:00:00,153.95199986409494
2012-07-18 09:00:00,270.09412551687404
2012-07-11 20:00:00,293.9453666596471
2012-11-19 02:00:00,191.7102868191209
2012-01-01 02:00:00,66.57761028324512
2011-04-09 04:00:00,0.0
2012-03-01 15:00:00,327.22249042050584
2012-05-16 05:00:00,80.6937709692948
2011-12-06 14:00:00,111.49020354792877
2011-02-14 05:00:00,150.07105380334002
2011-05-11 07:00:00,153.19595381498476
2011-12-13 22:00:00,200.9078396510431
2011-02-10 23:00:00,38.418590051244195
2012-09-01 12:00:00,373.5200627651754
2011-12-18 14:00:00,187.1942962008575
2011-12-19 11:00:00,142.98332971114175
2012-06-14 03:00:00,259.5347613496068
2011-07-03 06:00:00,83.53122128833981
2011-02-03 09:00:00,63.27524834703988
2011-06-19 22:00:00,160.30477798838334
2012-12-10 17:00:00,187.26672332125187
2012-08-09 14:00:00,417.8888807910256
2012-08-13 13:00:00,350.92343626653997
2011-03-12 19:00:00,185.19319470561163
2011-09-19 18:00:00,200.63050314639767
2012-09-12 11:00:00,291.53715251593695
2012-10-14 22:00:00,206.241552547231
2012-03-10 20:00:00,179.83318919368463
2011-02-17 20:00:00,220.40199575343942
2012-07-08 16:00:00,337.9325753733877
2012-07-11 01:00:00,67.76688690200953
2012-05-15 14:00:00,197.65084641629505
2012-07-09 19:00:00,281.7637340033473
2011-11-17 09:00:00,190.6068691145606
2012-03-13 03:00:00,157.71175448980387
2012-10-19 02:00:00,154.34926031847925
2011-02-07 09:00:00,64.69263037392918
2012-07-15 17:00:00,362.6404754007494
2011-07-04 21:00:00,302.77216978294393
2012-08-18 10:00:00,308.63979748147983
2011-03-15 23:00:00,117.2976917326988
2011-11-08 08:00:00,69.7320124594779
2011-01-01 18:00:00,108.46783817766931
2012-01-19 02:00:00,49.78537514308783
2011-07-14 22:00:00,248.2369181733705
2012-08-02 18:00:00,301.4086631441608
2011-06-06 11:00:00,302.33641711748135
2011-05-02 04:00:00,125.2776347545116
2011-02-01 10:00:00,53.886927935740545
2011-07-02 01:00:00,274.0732236809024
2011-12-08 19:00:00,171.73324473217235
2011-09-17 22:00:00,145.1585169076241
2011-05-11 17:00:00,267.0422485805956
2011-12-07 04:00:00,117.80742283986612
2011-12-16 01:00:00,208.2697732972862
2011-06-10 02:00:00,203.58081172346732
2011-12-04 14:00:00,207.93756933811002
2012-04-19 04:00:00,134.39534770205967
2012-10-11 17:00:00,351.88050770448274
2011-04-15 22:00:00,107.90942799710535
2012-06-10 00:00:00,193.8232781615198
2011-08-01 20:00:00,263.1620531340868
2012-02-03 20:00:00,154.87934644763007
2011-07-11 12:00:00,347.250688161923
2011-08-16 20:00:00,257.46804953174285
2011-04-02 04:00:00,17.313101266322747
2012-01-09 13:00:00,105.81774855134381
2012-04-18 15:00:00,102.11075052887713
2011-03-13 07:00:00,130.1856366291286
2011-10-11 05:00:00,152.96545855470904
2011-08-04 18:00:00,218.2018136437315
2011-10-03 22:00:00,160.25234002463844
2012-02-17 04:00:00,103.17196768904104
2011-11-06 17:00:00,216.64687324097156
2011-08-12 22:00:00,257.61925797876813
2011-09-10 20:00:00,201.96455249974275
2012-12-02 01:00:00,87.0803178419529
2012-08-09 12:00:00,334.2416388525125
2012-10-10 07:00:00,145.27260753892182
2011-11-18 03:00:00,190.20807035836725
2012-12-11 14:00:00,245.73802367501958
2012-02-07 17:00:00,226.6496490265909
2012-08-09 04:00:00,142.04672168945385
2011-07-11 00:00:00,236.39099207026047
2012-08-07 11:00:00,241.07243284683304
2012-01-02 18:00:00,102.64349433567538
2012-01-18 03:00:00,177.92028588667986
2011-09-08 10:00:00,106.99455546748018
2012-07-14 20:00:00,140.76250911852915
2012-01-12 10:00:00,112.62115825038985
2011-09-05 19:00:00,154.38751903569874
2011-11-07 09:00:00,88.04559481836387
2011-12-06 01:00:00,156.33801724022487
2012-06-06 22:00:00,132.10128647570707
2011-03-12 14:00:00,185.9024236890708
2012-08-17 00:00:00,225.3628430964282
2012-07-01 01:00:00,224.54715794514516
2012-01-09 22:00:00,73.49373977101338
2011-02-01 23:00:00,65.2577402646659
2012-03-14 13:00:00,346.2297591465468
2012-05-11 18:00:00,353.91917443066086
2012-11-11 07:00:00,14.953624141667405
2011-11-15 07:00:00,247.55077594690601
2011-07-04 15:00:00,370.5280748860467
2012-09-12 19:00:00,291.29501004801216
2011-12-09 05:00:00,85.89819581152368
2011-10-18 09:00:00,202.33692829225183
2011-07-02 23:00:00,328.4308477156849
2011-01-04 21:00:00,81.29184874942044
2011-09-05 18:00:00,74.45517443939238
2011-07-03 23:00:00,140.6091000076874
2011-04-13 05:00:00,65.51024461202718
2011-01-15 12:00:00,86.62846910419631
2011-09-13 07:00:00,119.1803387164081
2012-10-19 04:00:00,177.47293048027785
2012-11-18 11:00:00,185.81455359980524
2011-01-07 08:00:00,84.80864989433212
2012-07-17 19:00:00,416.4027402076171
2012-12-12 12:00:00,262.2521618321573
2012-11-15 19:00:00,203.5212573737705
2011-12-19 16:00:00,288.1815682668684
2011-12-12 20:00:00,200.19246453893828
2011-06-05 13:00:00,214.6531339913438
2012-09-02 15:00:00,252.89354812560362
2011-06-12 12:00:00,341.97735396703996
2012-09-02 07:00:00,30.67190348237483
2011-08-17 06:00:00,130.1876018179279
2011-08-19 04:00:00,96.2669129321997
2012-01-03 19:00:00,16.190914975116584
2011-09-07 08:00:00,106.63446917745432
2011-09-16 21:00:00,192.994849491339
2012-01-01 04:00:00,37.96588753481046
2012-09-06 01:00:00,145.68480045515204
2011-02-15 12:00:00,136.55938216469562
2012-11-03 16:00:00,245.93193574429048
2012-02-14 19:00:00,154.909852570081
2011-04-19 06:00:00,157.81784759421294
2012-12-01 13:00:00,154.6846375145494
2012-04-03 03:00:00,162.2991569894713
2012-06-17 19:00:00,284.20838011184514
2011-01-12 14:00:00,85.43499649611479
2012-12-14 01:00:00,119.1868302310434
2011-08-10 00:00:00,305.0201546663128
2012-11-16 08:00:00,205.57824930851552
2012-01-10 22:00:00,112.10441648557939
2011-04-01 17:00:00,152.8977473684043
2012-06-14 20:00:00,230.73116968971578
2012-01-06 17:00:00,237.1646044764545
2011-05-18 22:00:00,94.52902335908769
2012-03-02 19:00:00,104.51467598063013
2011-12-12 15:00:00,208.8776600792195
2012-05-11 06:00:00,177.72756455221082
2012-07-07 05:00:00,217.2479485054479
2011-03-06 01:00:00,135.74846989825966
2011-02-01 15:00:00,91.47167739830918
2012-04-06 10:00:00,171.27102766999684
2012-09-05 16:00:00,242.48660906160558
2011-12-07 22:00:00,48.30523349910047
2011-11-01 00:00:00,134.3995385212676
2012-11-16 08:00:00,206.89948618216243
2011-11-14 07:00:00,193.01543874702975
2011-09-14 10:00:00,202.17693276242426
2011-11-09 07:00:00,82.46097577751523
2011-12-02 22:00:00,199.76500859172475
2011-02-06 07:00:00,55.424914910242904
2012-09-10 01:00:00,217.42883323661536
2011-09-05 00:00:00,261.0190521520917
2011-07-07 08:00:00,195.76267207780748
2011-12-01 05:00:00,166.88523254377534
2012-02-08 07:00:00,94.46786606850578
2012-09-01 05:00:00,124.1865474559505
2012-11-09 22:00:00,157.78538210142312
2011-04-19 14:00:00,194.58416480924214
2011-04-09 15:00:00,61.01023939971628
2012-01-08 13:00:00,222.68076324036807
2011-10-13 21:00:00,175.2737841239081
2011-10-18 07:00:00,116.95216030555036
2011-03-17 05:00:00,113.69968349574167
2011-12-01 09:00:00,194.67842032873244
2011-02-09 13:00:00,80.67528547283135
2011-11-01 13:00:00,268.85642806794596
2012-02-19 06:00:00,75.11794329474682
2011-04-04 20:00:00,341.00401914133346
2011-07-09 08:00:00,226.23727769624494
2012-07-06 01:00:00,308.1243847105372
2012-09-08 09:00:00,222.82835127334803
2012-01-18 14:00:00,150.9110739983321
2012-01-10 02:00:00,83.84836400108536
2011-06-15 10:00:00,276.0561199903869
2012-09-07 06:00:00,98.75712139624883
2011-09-10 10:00:00,255.62724082432496
2011-12-17 20:00:00,57.59531790328214
2011-11-15 20:00:00,181.0714158041485
2012-03-08 11:00:00,225.7304403971766
2011-09-04 06:00:00,113.89009065883748
2012-10-16 15:00:00,349.1886592664373
2011-07-01 01:00:00,258.90992597775147
2012-11-03 12:00:00,221.1901645218473
2012-04-15 17:00:00,361.9526541257667
2012-10-09 11:00:00,228.47150408304424
2012-03-04 18:00:00,138.9011634434156
2012-12-01 03:00:00,83.7896970485547
2011-10-06 17:00:00,300.88829666123866
2012-03-19 04:00:00,90.90460998313999
2011-11-19 12:00:00,329.92087678400935
2012-08-14 18:00:00,279.84429198648706
2012-02-02 23:00:00,151.7689078017428
2012-06-13 20:00:00,346.08426858861725
2012-11-19 16:00:00,237.4175581823025
2011-10-16 12:00:00,414.72491520396
2012-03-09 08:00:00,128.35146440645167
2011-07-01 18:00:00,427.71164275949485
2012-08-07 05:00:00,163.6679294942142
2011-06-14 17:00:00,213.90299058663194
2011-02-16 12:00:00,197.94189019933663
2012-09-17 17:00:00,237.18957585516705
2011-08-19 19:00:00,166.5116793454293
2012-10-16 19:00:00,281.72284823283906
2012-12-03 04:00:00,69.4957157136537
2011-09-08 20:00:00,116.34649460573713
2012-04-02 20:00:00,223.76006369021513
2012-10-18 22:00:00,190.89936507047668
2011-05-18 16:00:00,184.90686016080133
2011-06-13 20:00:00,296.49269936541566
2011-10-10 05:00:00,42.74937748634147
2011-12-06 00:00:00,205.4034130963858
2011-10-15 03:00:00,216.81817061965796
2012-08-12 22:00:00,281.09146550330865
2012-11-05 09:00:00,193.82590692335344
2011-08-04 11:00:00,256.161150329248
2012-05-16 10:00:00,194.5930164192533
2012-04-14 11:00:00,258.18511650414456
2012-07-13 23:00:00,314.13930715273926
2012-10-04 10:00:00,200.23490484200806
2012-10-07 18:00:00,145.593269739128
2011-03-16 13:00:00,150.83353444636293
2011-08-17 18:00:00,301.47635269231387
2011-06-18 04:00:00,66.71874087547518
2012-06-01 20:00:00,120.5708854411144
2011-08-05 06:00:00,155.3976397596622
2011-10-16 02:00:00,249.6428930295382
2012-09-03 17:00:00,224.5895482626804
2011-10-18 16:00:00,320.52127674814676
2011-07-13 13:00:00,313.12096446998453
2012-01-11 05:00:00,67.69964982950265
2011-12-06 04:00:00,144.08843397356418
2011-02-10 16:00:00,81.00612494980358
2011-07-19 04:00:00,214.26121062273307
2011-02-04 08:00:00,46.20973284395862
2012-04-14 01:00:00,167.7541510348945
2011-03-16 11:00:00,133.7639915794068
2011-08-06 19:00:00,213.03166140187443
2012-12-05 09:00:00,269.8813299925297
2011-05-03 00:00:00,156.01589128107315
2012-12-13 21:00:00,210.29728530322973
2011-04-03 20:00:00,190.75780807486163
2012-12-19 17:00:00,251.24106813737902
2011-07-13 04:00:00,284.44428868236497
2011-01-10 09:00:00,35.03207484884655
2012-05-19 04:00:00,176.47190970883565
2011-11-09 06:00:00,82.46097577751523
2012-10-12 16:00:00,311.5921085091619
2011-03-05 04:00:00,59.68027318083966
2011-03-05 02:00:00,65.18917559694168
2011-02-09 11:00:00,30.992735636523747
2012-03-05 09:00:00,97.2198398095743
2012-02-03 00:00:00,153.5709813073278
2011-08-08 23:00:00,224.18526040513893
2012-04-14 15:00:00,396.2608913439062
2012-01-07 17:00:00,290.7030129730307
2011-03-06 06:00:00,97.21242119388573
2012-08-04 21:00:00,352.64228979368926
2011-07-07 16:00:00,387.7368477414266
2012-07-10 10:00:00,263.83844385649115
2011-04-13 12:00:00,92.3007518495217
2011-03-04 14:00:00,180.3038691123874
2012-10-15 19:00:00,175.55829653872533
2011-07-10 02:00:00,203.65956965017108
2011-03-08 13:00:00,175.63865480514255
2012-04-10 11:00:00,230.29872412070935
2011-09-06 17:00:00,143.92122960003786
2011-01-09 09:00:00,0.0
2011-08-15 14:00:00,256.0038875780161
2011-03-01 08:00:00,84.81727768406542
2011-01-11 19:00:00,40.20319315212089
2011-09-18 00:00:00,105.89168947503178
2011-11-08 12:00:00,289.5535579239984
2011-10-03 09:00:00,215.15284051648132
2011-12-06 13:00:00,109.39225298194437
2011-02-18 04:00:00,193.00585548903635
2011-10-13 14:00:00,204.51761081392078
2012-09-17 02:00:00,140.33327506785125
2012-04-15 11:00:00,324.46283815836455
2011-03-02 08:00:00,105.79896348290721
2011-10-15 10:00:00,346.644875224608
2012-08-04 05:00:00,144.0928495433056
2011-09-06 15:00:00,100.01067341514161
2012-03-12 09:00:00,172.90804859268337
2012-06-11 14:00:00,362.64813110161583
2011-10-19 00:00:00,210.01208824413803
2012-11-08 19:00:00,307.65690730882454
2011-07-01 05:00:00,223.289741780424
2012-11-17 10:00:00,237.83935020095274
2011-05-16 02:00:00,53.40376411667043
2012-08-10 12:00:00,266.74828601706827
2012-06-19 18:00:00,286.6159712432694
2011-09-05 03:00:00,257.48970655285177
2011-12-14 04:00:00,115.20087130911415
2012-08-02 08:00:00,190.21978819027902
2012-03-05 10:00:00,96.69402910211286
2012-01-04 18:00:00,66.29688012430678
2012-07-17 11:00:00,324.8366617889684
2011-08-05 10:00:00,252.41420820297196
2011-12-12 16:00:00,209.75774176814107
2012-01-16 06:00:00,0.0
2012-02-03 23:00:00,98.03361483626284
2011-05-03 02:00:00,170.80619496363516
2011-06-04 21:00:00,326.6114517338723
2011-10-19 18:00:00,122.58764527431492
2012-08-16 10:00:00,294.90912850789385
2011-01-01 14:00:00,174.3962264955359
2011-12-14 03:00:00,155.63384815500626
2012-01-17 18:00:00,211.72134126402418
2012-11-19 20:00:00,211.41772744957655
2011-10-19 16:00:00,144.53365788963185
2012-04-16 00:00:00,295.7062088663032
2012-06-06 12:00:00,280.617429474151
2011-11-11 13:00:00,276.84219618510906
2011-03-11 05:00:00,112.32752492951029
2011-04-10 07:00:00,14.236124957829475
2012-08-08 21:00:00,224.18526040513893
2011-03-05 18:00:00,215.19378285722289
2011-11-05 06:00:00,117.1330909990196
2011-07-16 20:00:00,339.2845582742937
2012-12-13 00:00:00,190.02988284718987
2012-01-04 09:00:00,0.0
2011-08-18 11:00:00,293.1167952936264
2012-11-15 22:00:00,186.40115105132577
2012-11-13 14:00:00,252.52065427772408
2011-12-09 21:00:00,127.03632980870583
2012-04-06 03:00:00,140.38863911908058
2012-08-10 16:00:00,317.7521462445061
2011-09-17 04:00:00,125.42552313821707
2011-11-16 21:00:00,133.52435904193584
2011-06-12 19:00:00,183.48346070000997
2011-12-01 07:00:00,130.85684523268804
2011-07-16 09:00:00,315.7411156143365
2011-09-04 23:00:00,263.08834116311084
2011-08-19 12:00:00,251.02841786013022
2012-10-15 23:00:00,232.7483765868368
2012-07-05 17:00:00,419.32843811909277
2011-08-15 09:00:00,182.61557579855605
2011-01-14 22:00:00,59.08691616725383
2012-12-15 16:00:00,260.4152264132124
2011-04-01 04:00:00,53.21374174228836
2012-08-14 02:00:00,174.48412770183387
2012-04-11 01:00:00,161.43989957869994
2012-06-11 08:00:00,175.8730058266138
2011-03-14 07:00:00,115.68661760450105
2012-06-17 22:00:00,246.3097584639737
2011-09-16 02:00:00,133.31837760163293
2011-08-08 19:00:00,336.69980401179726
2012-05-19 21:00:00,277.1762570908237
2012-05-18 12:00:00,296.7452633889087
2012-08-06 22:00:00,201.33915638725523
2012-09-19 17:00:00,335.4669205695732
2012-04-18 07:00:00,227.55000074206524
2012-02-18 00:00:00,168.39597750790625
2011-02-14 19:00:00,185.2398545570277
2012-08-17 15:00:00,471.63206753531745
2011-03-11 16:00:00,144.34657596132138
2011-05-17 22:00:00,143.61906830041244
2011-04-13 06:00:00,67.51219773832044
2011-10-17 10:00:00,319.9685756330067
2012-07-09 10:00:00,169.7218645908952
2012-10-10 20:00:00,315.6864794355009
2012-08-05 22:00:00,164.5290825926436
2011-06-18 22:00:00,282.31602805173577
2012-06-09 11:00:00,359.6701557029349
2011-03-09 12:00:00,127.63553584075656
2012-04-12 19:00:00,239.37192351328986
2011-10-10 20:00:00,203.36481928709782
2011-03-19 13:00:00,292.30574039005324
2011-09-11 15:00:00,346.6559581133998
2012-06-13 15:00:00,377.107595991857
2012-03-08 20:00:00,274.66383206851987
2011-01-12 23:00:00,54.21230086911331
2011-12-13 03:00:00,72.71980564874956
2011-08-05 10:00:00,275.87646885617676
2011-05-08 23:00:00,43.25034701636406
2011-12-08 04:00:00,128.31457121736344
2012-07-13 17:00:00,368.33073674370115
2011-10-09 07:00:00,71.37518313853157
2012-10-17 00:00:00,143.17839312520618
2012-07-05 11:00:00,435.44832259363614
2011-09-07 11:00:00,95.13540069553322
2011-02-10 01:00:00,25.076390113105106
2012-05-04 16:00:00,290.4628628566883
2011-09-19 23:00:00,188.48984285828618
2011-12-16 10:00:00,223.6047694871472
2011-06-14 07:00:00,251.44630828163451
2011-11-06 09:00:00,133.4088661565457
2012-01-18 17:00:00,121.04912002107669
2012-12-09 19:00:00,100.82644826828141
2011-11-15 18:00:00,222.94303004703397
2011-10-01 12:00:00,134.3568902132353
2011-06-10 20:00:00,216.84406529988155
2011-08-01 09:00:00,320.9221106460484
2012-07-08 06:00:00,258.83319562662075
2012-10-08 18:00:00,240.15052095342094
2011-06-14 23:00:00,189.86535540118388
2011-06-01 00:00:00,171.52161423298188
2012-08-02 20:00:00,216.20267135484215
2011-08-08 09:00:00,321.64472353267684
2012-06-07 12:00:00,266.26823901967884
2012-09-08 22:00:00,178.01161524262895
2011-12-16 15:00:00,224.47717217670123
2011-10-09 08:00:00,63.42104379521825
2012-08-19 11:00:00,195.88242003649032
2011-04-13 17:00:00,169.3705732432667
2012-03-11 13:00:00,227.0407090880236
2012-09-18 02:00:00,113.1514784799013
2012-11-05 11:00:00,234.5676088058757
2011-05-17 15:00:00,232.33580529291916
2011-06-11 10:00:00,298.305520813439
2012-06-18 17:00:00,191.83834864337487
2012-06-13 07:00:00,162.32920502996177
2011-05-04 18:00:00,151.2713771330316
2012-07-14 22:00:00,162.39799918737734
2012-08-07 09:00:00,208.80984697642197
2012-12-03 20:00:00,189.60793930501606
2011-07-17 09:00:00,298.5807804706296
2012-01-05 10:00:00,96.14378733575599
2011-09-01 01:00:00,173.73156645317064
2011-08-03 02:00:00,304.4561227462424
2012-05-02 07:00:00,137.8428682704688
2011-02-07 13:00:00,150.88848556868578
2012-02-10 05:00:00,107.30222503910552
2012-07-06 02:00:00,254.62533840762455
2012-04-17 17:00:00,348.89420791713803
2011-10-06 06:00:00,200.1821153039152
2012-07-01 14:00:00,521.6381148689469
2012-09-04 23:00:00,225.5289618174401
2012-02-15 15:00:00,211.04194805290118
2012-09-07 00:00:00,101.75464636646876
2011-07-13 10:00:00,348.3695535978994
2011-06-10 21:00:00,229.12776825993637
2012-01-19 19:00:00,95.95685977738289
2011-05-08 16:00:00,312.1907390270677
2011-12-19 18:00:00,233.71630479017034
2011-08-13 19:00:00,206.23816472939677
2011-05-10 22:00:00,193.53888454287878
2012-08-14 16:00:00,361.73073839335757
2012-09-04 06:00:00,143.10156924423407
2011-08-01 21:00:00,224.66652894328465
2012-12-03 00:00:00,167.94462543831327
2011-10-18 14:00:00,384.1956721231886
2012-09-19 21:00:00,206.09094909935834
2012-01-10 13:00:00,216.71374140606508
2012-12-17 23:00:00,117.13441731318188
2012-01-19 22:00:00,87.62820983342968
2011-04-15 21:00:00,133.25588739676655
2012-11-14 18:00:00,206.8738066479663
2012-08-19 06:00:00,240.1593086226156
2012-05-19 16:00:00,399.34378355826004
2012-03-05 05:00:00,80.40654635252382
2011-01-18 13:00:00,78.37267968101868
2012-02-01 06:00:00,123.20512090350965
2012-12-03 16:00:00,329.9351461287351
2012-06-16 11:00:00,350.50044606849053
2012-02-12 15:00:00,0.0
2012-09-06 06:00:00,160.96294659038048
2012-08-03 05:00:00,140.75925753385098
2012-07-06 15:00:00,440.2392679867289
2011-11-07 08:00:00,79.73687322383299
2012-06-04 14:00:00,312.66698525972424
2012-11-18 08:00:00,94.88436833807914
2012-10-02 18:00:00,142.81610492786422
2011-07-15 20:00:00,301.445174155277
2012-09-07 17:00:00,309.05997675372936
2011-11-01 21:00:00,118.82715024644901
2012-09-03 13:00:00,323.80226712461626
2012-03-12 01:00:00,175.80258213442988
2012-10-17 13:00:00,315.82776222269183
2011-07-15 00:00:00,193.74213994547944
2012-04-09 22:00:00,184.71955030558118
2011-06-10 07:00:00,212.25157691629676
2012-02-15 20:00:00,170.0926973560678
2012-10-15 20:00:00,225.88303712952353
2011-08-08 16:00:00,399.2267207032471
2012-09-03 01:00:00,170.27815165370907
2012-12-01 15:00:00,243.09361863210518
2011-08-08 07:00:00,274.54150340269945
2012-10-06 07:00:00,138.32192161055931
2011-02-17 04:00:00,142.58763282429945
2012-11-07 06:00:00,166.0747957962358
2011-06-09 06:00:00,153.14095507502458
2012-12-07 17:00:00,209.49179227891895
2011-08-18 00:00:00,231.98092758540173
2011-09-18 02:00:00,75.51945712417218
2011-04-19 15:00:00,190.5938906834544
2012-10-03 06:00:00,138.77167556358086
2011-01-07 14:00:00,70.0314272496698
2011-08-11 14:00:00,359.4719212106975
2012-09-10 10:00:00,292.5305655691927
2011-02-04 19:00:00,96.15752782923249
2012-12-10 21:00:00,134.32384042004574
2011-07-02 03:00:00,284.33351880530165
2012-05-18 21:00:00,275.3486921685941
2011-07-02 16:00:00,535.3723690349757
2012-06-16 07:00:00,169.603749238188
2011-02-05 19:00:00,35.21307748899602
2012-11-02 08:00:00,196.33325405239162
2012-07-19 15:00:00,323.3551527210279
2012-07-11 13:00:00,345.1511300101698
2012-01-09 22:00:00,72.16600737910088
2012-02-02 00:00:00,193.63908796360954
2012-04-11 09:00:00,121.07389947594167
2012-04-19 03:00:00,121.75890575348332
2012-04-06 20:00:00,255.68324355734865
2011-03-07 04:00:00,91.45137400236715
2011-03-06 06:00:00,86.36433548422463
2012-02-15 21:00:00,153.78069949298614
2012-06-07 07:00:00,125.20106938701693
2011-08-02 16:00:00,460.3277275591685
2012-04-14 06:00:00,48.469221762732815
2011-10-14 15:00:00,383.03438995643694
2011-02-03 08:00:00,48.74585499839088
2011-12-17 02:00:00,176.8185743269004
2012-03-09 10:00:00,128.5493859629269
2012-08-06 13:00:00,336.4315938175016
2012-05-07 06:00:00,90.05637309736883
2011-02-03 14:00:00,94.0561133895159
2012-01-01 10:00:00,47.479813892815685
2011-06-09 22:00:00,257.59800098882135
2012-08-12 11:00:00,381.8469673614878
2011-03-17 01:00:00,146.28102116199364
2011-03-15 10:00:00,130.10289190970317
2012-07-07 10:00:00,511.31991333735846
2011-10-06 08:00:00,227.1574383539333
2011-03-14 10:00:00,167.06923030625035
2012-03-15 23:00:00,183.10035280170786
2011-07-12 09:00:00,355.3485191074525
2011-12-08 18:00:00,188.7697428765033
2012-10-05 05:00:00,161.80413199338818
2012-05-15 23:00:00,117.593151010073
2011-06-03 14:00:00,360.9991023285069
2012-01-15 16:00:00,95.88994550455823
2012-02-02 04:00:00,117.65095956558815
2011-08-14 17:00:00,278.8445029693352
2012-05-05 12:00:00,282.1196505973687
2012-02-12 16:00:00,60.43947103640991
2011-07-03 04:00:00,270.94483724903023
2011-06-06 16:00:00,333.3311683927311
2011-11-19 06:00:00,97.32345014749161
2012-02-13 05:00:00,8.271584768011337
2012-10-08 10:00:00,219.72743420020936
2012-11-05 05:00:00,189.46116379314526
2011-06-18 20:00:00,299.0069797245209
2011-01-08 18:00:00,19.72389447295376
2012-04-17 11:00:00,321.33853345868226
2011-07-14 00:00:00,219.49266628500692
2012-11-04 08:00:00,169.96113731058855
2012-11-04 18:00:00,257.37105245608615
2012-01-03 07:00:00,54.51255178190567
2012-11-02 19:00:00,254.51269550046152
2012-03-08 04:00:00,180.13778527091108
2012-05-02 16:00:00,211.32931391617853
2012-05-13 04:00:00,196.8644897163681
2012-09-14 01:00:00,158.19313123116171
2011-02-03 19:00:00,87.22827073349318
2012-08-11 09:00:00,159.64027443756953
2011-01-09 07:00:00,0.0
2011-01-12 05:00:00,42.547797314262795
2012-05-17 14:00:00,307.8956663232071
2011-08-17 07:00:00,211.18673972438867
2012-01-19 16:00:00,123.31020829472598
2012-11-16 00:00:00,185.23406195795485
2012-12-01 09:00:00,21.075040221092507
2012-05-10 09:00:00,210.45745838127146
2012-05-15 21:00:00,169.6435548986497
2012-11-04 11:00:00,265.41568480501417
2011-10-14 03:00:00,105.40450007084283
2012-07-09 05:00:00,173.19734320944
2011-06-02 17:00:00,425.9336206744599
2011-07-06 14:00:00,282.08459159142205
2012-10-15 04:00:00,253.9429847677029
2011-08-12 11:00:00,352.9406814636279
2011-04-17 16:00:00,328.0831736856343
2012-01-08 18:00:00,156.51335942099502
2012-01-17 23:00:00,195.73883939248057
2011-11-10 12:00:00,205.4065575544672
2012-06-17 15:00:00,309.1713043451654
2011-05-04 07:00:00,59.088642984993584
2012-02-12 23:00:00,21.904497021245106
2012-05-05 12:00:00,266.05735100406054
2011-04-19 22:00:00,124.45412535026188
2011-05-17 07:00:00,122.59466423583598
2012-02-05 15:00:00,118.19027168635279
2011-04-18 10:00:00,203.0787253074018
2011-10-15 23:00:00,345.2563886763134
2012-11-13 05:00:00,126.44001610555742
2012-11-01 10:00:00,178.67121020920513
2011-09-08 15:00:00,138.93681073405105
2012-02-11 14:00:00,55.531475824473034
2012-11-04 16:00:00,296.5060177605164
2011-08-04 13:00:00,240.18248342835568
2012-11-05 14:00:00,278.3255715083856
2012-11-02 15:00:00,255.0834210873295
2011-04-03 06:00:00,53.752725183605634
2012-07-11 10:00:00,259.2399249153831
2012-09-05 06:00:00,193.40951689344757
2011-09-16 14:00:00,263.39400141498254
2012-11-10 09:00:00,150.71402969991675
2012-05-10 05:00:00,156.98878296923567
2012-03-19 15:00:00,272.619584874816
2011-08-06 16:00:00,220.50830165506278
2011-04-16 19:00:00,88.63874129586837
2012-11-14 11:00:00,215.85936357019926
2011-04-08 03:00:00,79.6126313087854
2012-05-04 15:00:00,237.2916472897617
2012-10-09 14:00:00,263.0010356341139
2012-05-02 01:00:00,98.13269524258929
2011-07-07 18:00:00,374.6785400074108
2011-05-07 21:00:00,253.04987551377678
2011-02-14 14:00:00,352.506598056694
2012-02-12 22:00:00,27.019563329422056
2011-03-09 10:00:00,119.56298791478781
2011-07-12 08:00:00,287.99105145273427
2011-04-01 19:00:00,149.00992912335585
2011-11-10 01:00:00,142.25383072366802
2012-07-14 13:00:00,309.7290624295705
2011-09-14 08:00:00,137.47265499743406
2011-07-11 14:00:00,357.17108106892715
2012-04-19 20:00:00,243.96905653678692
2011-06-10 14:00:00,305.1305505197767
2011-07-15 04:00:00,185.5513703152079
2011-06-08 16:00:00,396.85750055851827
2011-01-11 00:00:00,48.08870595293206
2012-09-09 07:00:00,148.90399156803707
2012-05-18 13:00:00,310.3693833927106
2012-12-16 22:00:00,138.7999869064642
2012-10-02 00:00:00,214.87010880023857
2011-10-01 19:00:00,131.01064309585695
2012-06-12 20:00:00,156.3055321233629
2011-02-12 20:00:00,114.47815260389139
2012-03-09 06:00:00,141.70760781399582
2011-05-15 04:00:00,45.19187090071517
2012-02-12 14:00:00,10.182896779102862
2011-09-16 01:00:00,157.17254557940836
2012-03-01 19:00:00,246.08752030002944
2011-07-16 07:00:00,187.74673644336988
2011-11-03 04:00:00,102.42889576549601
2011-05-12 08:00:00,142.91631752053576
2011-01-17 21:00:00,35.64900576084838
2012-10-16 14:00:00,355.03103339038785
2012-05-07 12:00:00,189.13906021609853
2012-12-12 19:00:00,191.6649073868633
2012-08-11 16:00:00,402.55949098248226
2012-01-18 05:00:00,169.24636879117816
2011-12-11 16:00:00,321.5642180678928
2011-05-15 08:00:00,88.8488023461001
2012-04-05 02:00:00,237.77718308690623
2011-08-05 07:00:00,157.12622082272108
2011-04-17 09:00:00,199.54888052818214
2011-12-07 19:00:00,58.1960159423501
2012-11-07 18:00:00,194.55121161546342
2012-07-15 20:00:00,190.3264996394948
2012-09-05 02:00:00,153.74364227113568
2012-12-11 08:00:00,193.12061970201552
2011-07-09 21:00:00,295.4196640535109
2011-12-07 11:00:00,109.58761714821453
2012-11-01 16:00:00,248.3192636459005
2011-03-17 00:00:00,163.26965220064005
2012-08-11 04:00:00,103.51404178951768
2012-01-02 23:00:00,64.64551449839664
2012-07-08 01:00:00,343.4291660676083
2012-03-16 11:00:00,149.97336320100698
2012-12-19 18:00:00,242.67984304829065
2012-08-19 20:00:00,208.3672213678385
2011-03-17 10:00:00,209.7178581258042
2012-03-04 19:00:00,132.14413256995843
2011-08-08 03:00:00,63.07249999103587
2011-12-04 16:00:00,228.00385530982246
2012-02-18 11:00:00,123.55129413771189
2012-08-09 10:00:00,314.3773168156057
2011-07-14 06:00:00,249.29735107566384
2012-01-17 09:00:00,88.56785226365217
2012-05-15 16:00:00,218.40943979932575
2011-12-15 12:00:00,212.30633557850066
2011-11-06 23:00:00,38.78915907336628
2012-02-06 22:00:00,121.83196390005446
2012-07-07 09:00:00,358.0763349604253
2011-11-19 20:00:00,236.41180492802482
2011-12-16 10:00:00,232.10504355441478
2012-10-16 05:00:00,205.11796238447585
2012-02-10 13:00:00,127.94064718807783
2012-06-06 08:00:00,147.44301514550224
2012-05-17 01:00:00,138.1508070593913
2012-12-19 03:00:00,114.77780206260181
2011-12-03 10:00:00,161.8964401701063
2011-01-10 21:00:00,51.87891944245362
2011-09-11 04:00:00,104.62884014033958
2012-06-19 20:00:00,304.95635850084244
2011-02-02 22:00:00,110.75995443152453
2011-05-11 14:00:00,253.30935792345633
2011-06-18 15:00:00,390.8544096367424
2011-06-05 10:00:00,200.69641495869658
2012-02-08 18:00:00,66.67512345272951
2012-07-15 12:00:00,385.5798083776324
2012-11-04 19:00:00,251.09321551504806
2011-08-02 06:00:00,198.6061339842204
2012-11-02 03:00:00,145.7624657234704
2011-05-14 14:00:00,88.8488023461001
2011-08-15 18:00:00,236.39099207026047
2011-08-06 17:00:00,227.63865723532865
2012-05-13 16:00:00,362.44042080791934
2011-01-15 15:00:00,167.24670937382427
2011-06-16 05:00:00,227.45011197918808
2012-10-17 22:00:00,133.94807301681158
2011-11-17 08:00:00,139.9490955193915
2011-07-17 16:00:00,402.55949098248226
2011-10-12 15:00:00,140.2312876992297
2011-08-13 14:00:00,242.96917880923172
2012-06-09 04:00:00,250.44326981274975
2011-08-09 21:00:00,340.13599077275467
2011-02-10 04:00:00,41.54534417585552
2012-04-10 14:00:00,294.7370840886799
2011-06-03 07:00:00,245.79300583036436
2012-11-12 17:00:00,267.2428888906292
2012-10-06 10:00:00,259.4093508934032
2011-11-16 15:00:00,134.57839538870414
2011-06-04 04:00:00,191.589095151079
2012-06-13 17:00:00,377.107595991857
2011-05-08 12:00:00,310.9982071184208
2011-06-05 06:00:00,260.2254237108128
2012-12-06 08:00:00,155.44891409467783
2011-02-01 02:00:00,59.08691616725383
2012-09-13 02:00:00,122.69672242006041
2012-10-01 23:00:00,200.6865958154562
2011-10-06 14:00:00,345.4788571166506
2012-06-14 01:00:00,251.86638573193494
2012-01-02 05:00:00,105.64196383814384
2012-04-18 16:00:00,131.79855764339902
2012-09-08 17:00:00,157.53244286469462
2012-04-03 12:00:00,264.3435510841672
2011-10-01 02:00:00,214.37431691140267
2012-04-13 15:00:00,289.4353444067499
2011-03-09 13:00:00,129.384197837427
2011-05-10 09:00:00,217.52002497107065
2012-04-04 06:00:00,159.7592325438962
2012-02-15 07:00:00,123.03073608443702
2012-01-09 04:00:00,85.6713390783672
2011-03-03 19:00:00,84.5913479478438
2011-06-02 22:00:00,328.6352530347917
2012-01-10 06:00:00,70.24524713984331
2012-09-16 21:00:00,284.66697098853217
2012-01-17 00:00:00,89.86507001695412
2011-10-18 06:00:00,143.51379139676536
2012-10-19 09:00:00,139.44760920392554
2011-02-16 16:00:00,247.1089376350515
2011-04-07 22:00:00,120.80904136962108
2012-07-19 18:00:00,378.9174916012885
2011-03-10 22:00:00,141.65467932842782
2011-10-07 13:00:00,349.32896397836026
2012-11-06 03:00:00,131.6498487683187
2011-11-02 19:00:00,159.4510428554521
2011-03-15 01:00:00,121.19554388922418
2012-02-10 01:00:00,114.10662229759387
2012-03-02 05:00:00,108.86495906030761
2011-06-01 02:00:00,171.52161423298188
2012-05-07 10:00:00,159.60302458696844
2011-01-14 05:00:00,25.796425122922955
2012-04-04 00:00:00,192.48827007147514
2011-10-13 22:00:00,175.2737841239081
2011-07-12 20:00:00,355.90049638434544
2012-02-11 22:00:00,0.0
2012-05-15 19:00:00,200.56843328170126
2011-12-11 17:00:00,291.99783814521743
2012-06-19 12:00:00,204.98927967555827
2012-10-08 20:00:00,223.1756188290258
2011-03-01 23:00:00,101.57352605056475
2012-07-19 14:00:00,340.5008805555859
2012-07-14 17:00:00,208.71047323323808
2011-06-04 19:00:00,366.77835491611245
2012-06-15 00:00:00,180.11858593898842
2012-06-13 11:00:00,265.42411796779936
2012-04-08 16:00:00,435.8295076210869
2012-05-14 10:00:00,117.25804210056413
2011-07-19 05:00:00,204.95025082533246
2012-11-11 19:00:00,267.5912960595994
2012-06-19 07:00:00,169.78285553271238
2012-05-02 14:00:00,184.31209301646086
2012-07-15 10:00:00,259.42023684676997
2012-07-09 08:00:00,165.96684123509218
2011-07-01 14:00:00,426.3026678675785
2012-03-12 16:00:00,335.7874377377311
2011-02-19 04:00:00,269.59796521031626
2011-12-12 21:00:00,94.40031021710809
2012-08-16 15:00:00,395.61373310434993
2011-12-18 06:00:00,98.29794705880786
2011-12-12 17:00:00,219.48909632873236
2011-02-01 18:00:00,91.17820141622899
2011-02-08 01:00:00,96.35990657907112
2012-07-18 16:00:00,253.33816124457732
2012-06-08 11:00:00,307.4662427139532
2012-06-10 22:00:00,244.8325111455976
2012-07-02 20:00:00,330.45146531659134
2012-05-04 22:00:00,131.96430548568952
2011-08-09 08:00:00,199.42749844223422
2012-12-13 12:00:00,261.1642334833289
2011-06-02 10:00:00,388.03891749788886
2012-11-04 20:00:00,173.65782435156146
2012-12-03 07:00:00,113.05602266942567
2012-12-03 03:00:00,97.85203442735285
2012-05-13 05:00:00,144.8386636936277
2012-04-11 02:00:00,142.77651320539943
2012-04-11 05:00:00,106.512539886922
2012-06-03 14:00:00,386.0826242213226
2011-12-05 14:00:00,226.54809847872946
2012-08-02 12:00:00,341.2539154317525
2011-10-04 07:00:00,149.63724819237416
2012-04-13 03:00:00,142.01087923967995
2012-06-08 13:00:00,337.45945848235164
2011-04-11 20:00:00,293.0889620399335
2012-11-19 18:00:00,230.91982179061517
2012-07-14 22:00:00,170.65147851643573
2011-02-19 21:00:00,155.29544482759974
2011-12-12 12:00:00,192.14678485813846
2011-07-06 00:00:00,208.04003987263985
2012-02-07 16:00:00,229.46568333365883
2011-07-03 12:00:00,335.8799033003905
2011-07-06 10:00:00,170.92867814692792
2011-09-13 04:00:00,77.16062392569572
2012-05-10 00:00:00,127.42141204895702
2012-01-12 00:00:00,96.52473518659653
2011-04-18 22:00:00,219.44378942030474
2011-05-15 10:00:00,115.56944169004713
2011-06-09 04:00:00,180.90677272931237
2011-01-07 10:00:00,96.86354333807303
2012-09-17 19:00:00,195.17700293010807
2011-03-12 16:00:00,221.7820080647293
2012-02-13 22:00:00,110.12729856474935
2011-06-12 02:00:00,97.34603197926538
2012-07-16 23:00:00,187.98692423382275
2012-11-11 13:00:00,349.15946145896464
2011-04-13 20:00:00,157.1235111085483
2012-03-07 17:00:00,290.19491594325444
2011-07-07 07:00:00,130.17788159292675
2011-03-05 17:00:00,213.52042481327572
2012-04-19 19:00:00,247.80513885014219
2011-06-12 22:00:00,108.30954751283502
2011-11-10 11:00:00,219.36925863249968
2012-06-04 00:00:00,203.71124624505927
2011-12-06 18:00:00,113.57461903744839
2011-08-12 21:00:00,299.80151307836866
2012-03-09 22:00:00,172.08423461727315
2012-05-04 08:00:00,79.83607319382735
2011-01-10 03:00:00,22.425274883274227
2011-09-04 17:00:00,276.1183380661715
2012-10-06 03:00:00,169.92601386692883
2012-04-17 09:00:00,311.69928546492827
2012-04-08 10:00:00,322.72674774054474
2011-10-08 18:00:00,401.70175775270576
2011-03-08 07:00:00,68.06803698771608
2012-09-19 05:00:00,195.0458190738011
2011-03-07 16:00:00,169.76429198875246
2012-02-04 11:00:00,76.22891616452601
2011-05-13 08:00:00,129.01526466280174
2011-09-14 21:00:00,241.58688988360973
2012-10-07 10:00:00,216.9836315543294
2012-11-17 03:00:00,102.43032283881885
2011-09-04 07:00:00,154.85921646533052
2012-06-07 08:00:00,114.75310822031896
2011-08-08 02:00:00,66.94682132484405
2012-07-03 15:00:00,400.9228936569071
2011-08-04 21:00:00,215.66750863362768
2011-04-03 17:00:00,291.66439353226207
2012-10-01 09:00:00,254.2045838936116
2011-08-05 17:00:00,339.4842799208435
2012-08-14 05:00:00,150.42224607669502
2012-12-05 12:00:00,303.85638843686166
2012-05-03 05:00:00,122.91775295802798
2012-02-18 09:00:00,11.188577903085644
2012-09-05 14:00:00,294.9641911959494
2012-12-07 20:00:00,164.49529381468625
2011-11-17 08:00:00,159.19701375583338
2011-02-07 01:00:00,70.32858651804219
2011-03-17 19:00:00,194.59239602887823
2011-09-12 22:00:00,137.47265499743406
2011-06-13 16:00:00,352.9993215530918
2011-02-19 14:00:00,280.6376272545335
2011-05-15 12:00:00,189.0689789529702
2012-04-15 15:00:00,379.83547814078264
2012-12-01 22:00:00,89.44670516757418
2011-08-04 12:00:00,275.25967198411536
2012-10-19 15:00:00,283.48988859617975
2011-06-13 13:00:00,292.85107478648837
2011-11-16 20:00:00,128.73237297065046
2012-12-14 21:00:00,129.50611454998509
2012-07-10 17:00:00,357.3141904552898
2011-01-03 15:00:00,123.39867095881442
2012-06-15 04:00:00,132.63464772686336
2011-02-09 10:00:00,49.48614135768872
2011-03-01 22:00:00,96.72709626904677
2011-02-11 06:00:00,23.033901721190205
2012-01-03 04:00:00,63.10844649935784
2011-03-01 01:00:00,115.78482337955182
2011-10-03 04:00:00,97.12056140979124
2011-09-02 15:00:00,266.6129381271412
2012-04-01 06:00:00,91.52589636224926
2012-05-14 17:00:00,121.59525289683626
2012-02-03 13:00:00,157.46751779239725
2012-10-05 00:00:00,185.2848397433943
2012-02-07 13:00:00,226.070735879455
2012-05-13 18:00:00,341.6631158519697
2012-08-16 14:00:00,348.0537657043175
2012-02-09 23:00:00,127.42992803607864
2011-01-13 06:00:00,37.136719022974404
2011-10-10 09:00:00,150.88845011627933
2012-03-12 19:00:00,243.8954467902837
2011-04-15 15:00:00,251.07304425308592
2011-03-06 03:00:00,130.02930269468675
2011-01-15 03:00:00,81.29899291715903
2011-02-06 03:00:00,82.44567701507296
2012-05-04 04:00:00,121.26170008517438
2012-02-06 20:00:00,160.3774281585305
2012-03-10 16:00:00,227.3596645932756
2011-09-07 05:00:00,90.11348136718414
2012-12-14 05:00:00,109.18865465777884
2011-06-05 22:00:00,155.5480144720646
2011-01-03 14:00:00,117.3858179309714
2011-07-16 01:00:00,195.43365266289237
2011-03-12 09:00:00,76.44720672986915
2011-05-08 07:00:00,114.09549491234927
2012-11-09 08:00:00,194.61271917389536
2012-02-09 02:00:00,75.62950148215154
2011-10-02 16:00:00,106.1154088932989
2011-12-18 09:00:00,86.9432946035402
2012-08-04 20:00:00,388.3254449097053
2012-08-03 23:00:00,172.98203548576927
2012-03-19 08:00:00,128.92981505578075
2012-02-16 14:00:00,90.9102104384785
2011-08-06 10:00:00,279.517696768634
2011-01-07 13:00:00,56.26714166641793
2012-11-14 19:00:00,200.9078396510431
2011-08-05 05:00:00,145.99872998272565
2012-10-16 16:00:00,355.8695364799038
2012-09-07 11:00:00,251.7150597096314
2011-11-06 07:00:00,6.372085898665091
2011-02-19 23:00:00,124.54521132066948
2011-04-04 09:00:00,203.28315695060357
2011-11-10 04:00:00,59.49799395829814
2012-10-16 21:00:00,228.37195084408
2011-05-09 22:00:00,159.99907304155684
2012-02-02 01:00:00,186.51610660367652
2011-05-09 14:00:00,299.65451254359994
2011-09-11 11:00:00,215.24221823994546
2012-01-04 23:00:00,71.09964259004107
2011-06-18 07:00:00,140.78644702067933
2011-03-18 09:00:00,196.86616558806955
2012-09-12 12:00:00,344.2747627668388
2012-07-16 04:00:00,152.28344628360242
2012-05-05 13:00:00,270.4794938545039
2011-11-14 16:00:00,374.00350509183505
2011-06-11 08:00:00,260.2706722633755
2011-12-14 02:00:00,115.20087130911415
2011-07-10 20:00:00,315.66632815828956
2012-10-12 09:00:00,338.5696143046655
2011-04-01 07:00:00,44.27121351065165
2011-05-17 14:00:00,217.10751843390335
2012-01-03 20:00:00,3.08418173361963
2011-06-15 09:00:00,245.70191291513444
2012-02-19 00:00:00,159.9132843099684
2012-06-10 09:00:00,241.1449291268396
2012-05-17 21:00:00,260.80976429152366
2012-03-14 09:00:00,167.7775286485039
2012-05-12 17:00:00,365.11696384050697
2011-08-13 08:00:00,289.1695303456687
2011-04-10 01:00:00,69.16813136625026
2011-05-05 01:00:00,107.34231521421012
2011-09-15 04:00:00,150.01862973370027
2012-05-12 01:00:00,230.9232502376654
2012-12-07 12:00:00,173.97967192333687
2012-11-10 14:00:00,388.3089007814317
2012-01-14 14:00:00,93.88343812217516
2011-07-07 13:00:00,332.917331578393
2012-01-18 06:00:00,170.55917296375804
2011-08-19 18:00:00,326.20748687437975
2012-04-14 20:00:00,285.6804596163448
2011-10-08 02:00:00,99.87270136856358
2011-07-01 22:00:00,293.10582767320284
2012-12-11 03:00:00,137.9307214725739
2012-02-08 16:00:00,73.22159393789033
2012-10-12 04:00:00,143.671032593337
2011-10-13 07:00:00,123.91201299775543
2011-12-12 13:00:00,212.46462004187575
2011-05-18 17:00:00,188.82766002351926
2012-06-19 15:00:00,267.255123486109
2012-01-08 16:00:00,223.78613061251255
2011-09-07 00:00:00,121.78072984927576
2011-02-09 07:00:00,0.0
2012-10-12 18:00:00,313.23237449992047
2011-01-09 22:00:00,12.68227128023517
2011-11-11 02:00:00,170.0060101134598
2011-06-12 08:00:00,160.98535616378618
2012-08-09 07:00:00,171.6785923480905
2012-06-11 23:00:00,256.5187449671796
2012-11-10 06:00:00,0.0
2012-02-10 22:00:00,124.50882413143347
2012-11-04 10:00:00,224.25374763637
2012-08-04 13:00:00,468.57087505262047
2011-01-07 22:00:00,62.96466662504338
2012-10-08 06:00:00,108.9859826486347
2011-12-14 08:00:00,111.50412200805074
2012-06-14 14:00:00,282.5007528819107
2012-06-15 14:00:00,323.07250700079425
2011-08-01 00:00:00,226.9316454460605
2011-07-16 03:00:00,155.81191373082535
2012-07-02 23:00:00,283.468797977559
2012-04-13 00:00:00,200.4973363190182
2012-05-12 19:00:00,371.19712718856357
2011-05-09 05:00:00,119.72543231454623
2011-01-06 19:00:00,91.15172457314829
2012-10-03 05:00:00,137.2600055313765
2012-07-17 18:00:00,417.1988125511616
2011-01-12 15:00:00,85.12344561056759
2012-04-01 01:00:00,90.92211809773437
2011-06-02 06:00:00,297.91628068907744
2012-12-10 03:00:00,117.21655374626468
2011-08-16 00:00:00,193.91511011523596
2012-12-19 01:00:00,162.37536761261583
2012-01-16 18:00:00,83.44713403283029
2012-09-01 13:00:00,388.57827031054654
2012-04-11 12:00:00,137.88821916421782
2011-07-12 09:00:00,342.0192698481546
2011-02-08 14:00:00,92.21824093889087
2011-12-19 07:00:00,87.01253919226738
2011-03-10 16:00:00,99.77495050232997
2011-12-06 02:00:00,160.0434026187296
2011-08-12 05:00:00,273.391853300314
2011-09-15 17:00:00,99.35987395397491
2011-01-04 16:00:00,141.09154141992545
2011-11-07 11:00:00,158.1113862591989
2011-07-05 00:00:00,243.54608190430602
2011-03-04 05:00:00,39.340621212808
2012-09-01 11:00:00,377.56137626321123
2011-05-05 17:00:00,308.53254411372313
2012-06-10 10:00:00,363.4399517337026
2011-05-12 06:00:00,68.50243644249466
2012-03-03 20:00:00,267.8249440154784
2012-10-05 15:00:00,415.9090702942964
2011-08-15 19:00:00,195.2986704653995
2012-06-11 03:00:00,147.74595031374938
2012-06-17 13:00:00,265.35535666475465
2011-02-01 15:00:00,88.54923739732706
2012-12-01 01:00:00,44.919124823840065
2012-03-06 12:00:00,119.5360045767104
2011-08-04 23:00:00,174.06423207129336
2012-03-11 17:00:00,327.77953024912836
2012-10-10 09:00:00,273.46466772613667
2011-07-10 19:00:00,364.7501664850755
2012-03-06 18:00:00,169.55266171488518
2012-04-14 05:00:00,94.50437355836856
2012-11-02 17:00:00,274.0691964228379
2012-04-07 19:00:00,377.482729395693
2012-04-06 23:00:00,222.8715637962138
2012-07-10 08:00:00,196.4444035307222
2011-03-10 10:00:00,100.92477330230948
2012-08-05 19:00:00,144.0928495433056
2012-09-19 20:00:00,249.1771321391734
2012-10-03 04:00:00,85.32601385833216
2011-11-03 10:00:00,181.31429164120559
2011-02-10 11:00:00,42.58381357013275
2012-06-01 22:00:00,123.941613086178
2011-02-15 01:00:00,124.9881489599978
2012-04-19 15:00:00,265.61327982165716
2012-05-18 07:00:00,107.93975289219784
2012-06-18 06:00:00,110.01052748204152
2011-06-14 18:00:00,279.05037128648365
2012-09-08 18:00:00,159.2881296272011
2012-06-03 00:00:00,202.0808742637155
2012-06-02 23:00:00,238.8384466016624
2012-09-15 22:00:00,259.7543174264638
2012-01-19 09:00:00,37.90120393631199
2011-01-14 16:00:00,97.02434748726249
2012-10-19 21:00:00,159.42765578173714
2012-05-18 10:00:00,273.5504800661718
2011-09-10 02:00:00,58.129747519190346
2012-11-19 15:00:00,258.31751234357023
2012-01-18 01:00:00,175.93408466636066
2012-12-13 10:00:00,229.6480980515978
2012-02-12 16:00:00,55.85164058134788
2012-09-04 00:00:00,188.60030674931096
2011-04-09 21:00:00,37.060777342503116
2011-03-04 13:00:00,165.97309885020218
2012-08-06 10:00:00,229.4538458084313
2012-09-10 11:00:00,324.4458586811452
2012-07-08 21:00:00,236.7612077766948
2011-06-18 23:00:00,261.8095937352059
2012-02-18 10:00:00,30.491851130113673
2011-11-09 11:00:00,221.50589499848897
2011-02-14 08:00:00,188.45675163488082
2012-02-15 10:00:00,158.8756940765
2012-06-06 15:00:00,279.12738189762433
2012-09-12 23:00:00,180.47684017150647
2012-05-13 15:00:00,358.9757081411351
2011-07-19 18:00:00,263.46889418249407
2012-06-14 18:00:00,314.258341080875
2011-09-18 19:00:00,216.13282728465714
2011-07-15 08:00:00,234.5806240098892
2011-06-17 04:00:00,86.8544595107571
2011-01-01 02:00:00,12.893633240902204
2012-03-15 21:00:00,221.27536363336083
2011-09-19 01:00:00,177.2624798908613
2012-10-07 00:00:00,216.64687324097156
2011-05-02 11:00:00,189.8784263566245
2012-05-01 21:00:00,205.77217865296151
2012-11-10 12:00:00,303.1368225703375
2011-04-03 13:00:00,256.3971895182082
2011-02-10 14:00:00,81.76540715025943
2012-03-19 05:00:00,90.90460998313999
2011-01-15 04:00:00,54.63908067034046
2012-04-17 17:00:00,349.7891773398363
2011-01-07 07:00:00,75.15217890670047
2012-11-07 23:00:00,134.77002387177862
2011-06-18 10:00:00,267.5511822246074
2012-06-10 20:00:00,332.1154694892073
2012-09-09 15:00:00,440.16245305874764
2011-10-11 17:00:00,227.13953637521456
2012-04-15 12:00:00,335.62520591628265
2011-12-11 15:00:00,321.5642180678928
2011-09-19 12:00:00,227.49644660092943
2012-02-06 05:00:00,43.891619083022476
2012-04-15 02:00:00,240.08733644396932
2012-06-18 11:00:00,133.7491642795134
2012-07-02 06:00:00,250.65791734571877
2011-04-09 07:00:00,14.993939187242972
2012-09-03 23:00:00,219.0951087051989
2011-09-14 02:00:00,100.96883147601406
2011-12-01 19:00:00,239.70011933901353
2011-05-12 00:00:00,128.0641820838877
2012-11-07 02:00:00,174.74709932971996
2012-10-10 23:00:00,243.59228655637767
2011-10-15 07:00:00,124.44915064694294
2011-07-10 00:00:00,280.9916982280806
2011-04-12 08:00:00,94.82879536558546
2011-05-04 03:00:00,40.3592201322229
2011-10-18 05:00:00,147.08922252648898
2012-11-04 22:00:00,174.69026214135715
2011-08-18 10:00:00,253.33816124457732
2011-08-03 13:00:00,291.10144246252554
2011-05-12 21:00:00,127.00921948537916
2011-09-02 06:00:00,129.7702177015341
2012-08-13 21:00:00,239.90677795187733
2012-07-15 10:00:00,262.5010838485398
2011-04-03 17:00:00,287.84709212320854
2012-05-14 14:00:00,198.88178397973596
2012-12-19 11:00:00,242.9577531901062
2011-04-09 12:00:00,75.99623505677036
2012-10-07 21:00:00,57.37458236773864
2011-07-02 13:00:00,457.5201916045269
2012-12-16 03:00:00,86.6374316963871
2012-02-08 05:00:00,88.72416646865426
2011-01-13 10:00:00,36.7162278583084
2012-04-18 05:00:00,225.5649577107171
2012-02-05 12:00:00,88.72028616581737
2011-02-11 23:00:00,59.754343053528146
2011-12-06 11:00:00,124.27246870342353
2012-10-08 03:00:00,86.50790371821608
2012-03-02 22:00:00,117.37754820464185
2011-03-15 04:00:00,82.6350009954787
2012-04-13 01:00:00,160.8658823737763
2011-09-09 08:00:00,112.7907552329225
2011-12-03 01:00:00,102.32150403388495
2012-04-09 17:00:00,285.9363619614235
2012-12-08 22:00:00,88.75007265957166
2012-12-13 13:00:00,281.75878529465933
2012-12-16 19:00:00,9.978096250426404
2011-02-16 14:00:00,249.38372855046362
2011-11-10 10:00:00,152.12362312117517
2012-01-16 19:00:00,73.61927460458344
2012-09-09 05:00:00,124.3915510858681
2012-01-19 20:00:00,123.7976922030378
2011-10-12 19:00:00,139.92918568651385
2011-08-19 15:00:00,312.51973688724456
2011-01-18 13:00:00,80.03485568414263
2011-07-06 23:00:00,158.40109372726386
2011-05-18 09:00:00,131.0951069423439
2012-06-01 21:00:00,158.57956295302813
2012-03-19 01:00:00,129.36764255281417
2011-03-12 20:00:00,164.4811736471687
2011-07-18 12:00:00,295.9572082391112
2011-11-10 01:00:00,140.62488360621376
2012-09-12 07:00:00,140.33327506785125
2012-05-01 16:00:00,303.61571175200174
2011-12-11 17:00:00,306.5098510604695
2011-03-11 20:00:00,132.39785918379556
2011-10-13 10:00:00,122.05419465989212
2012-07-05 19:00:00,394.2947754818887
2011-05-05 14:00:00,293.62425981711147
2012-06-18 10:00:00,114.66070226824921
2011-03-02 18:00:00,236.75308110100517
2011-05-13 10:00:00,140.27551926318517
2011-11-02 08:00:00,86.75852782150692
2012-11-18 04:00:00,93.80164722980624
2011-02-17 13:00:00,278.088179126221
2012-01-19 22:00:00,97.21479095611427
2012-05-16 13:00:00,268.126269742109
2011-11-15 10:00:00,271.4848532769257
2012-05-11 01:00:00,193.89950200645671
2012-01-02 20:00:00,80.72159533451105
2012-11-09 09:00:00,208.67773643491913
2012-03-19 19:00:00,256.91106383673525
2011-12-03 08:00:00,55.201691361842705
2011-10-03 12:00:00,198.61361565215182
2012-11-11 18:00:00,341.990438338306
2011-11-07 04:00:00,62.992536861833315
2011-01-08 14:00:00,53.532627409774705
2012-01-14 21:00:00,49.73773713298493
2011-11-14 20:00:00,340.46209710954656
2012-02-08 19:00:00,66.67512345272951
2012-02-18 01:00:00,140.11804414374922
2011-08-06 19:00:00,202.46258483540015
2011-12-04 11:00:00,67.40998381925235
2011-04-11 17:00:00,340.76661761503806
2012-11-08 09:00:00,255.62747711492216
2012-12-15 17:00:00,257.46627777306094
2011-06-15 21:00:00,283.9033636034941
2012-03-09 04:00:00,112.13689026590696
2012-05-03 09:00:00,117.20346142427837
2011-04-14 13:00:00,275.1049687949436
2012-10-01 19:00:00,245.15283784761948
2011-08-04 15:00:00,319.61691083474113
2012-02-14 09:00:00,105.71695255952149
2012-11-16 22:00:00,204.55806673991634
2011-04-01 21:00:00,129.64445602245357
2012-12-03 12:00:00,224.8249560274414
2012-05-15 20:00:00,166.69594824788737
2012-09-17 23:00:00,116.21676158655721
2011-06-18 17:00:00,352.7485742213133
2012-09-09 19:00:00,400.6861473121852
2011-11-14 06:00:00,205.78702628659096
2012-08-16 09:00:00,271.53669664127756
2011-08-04 19:00:00,215.91840185241713
2011-09-06 20:00:00,119.26821251697547
2012-04-12 15:00:00,253.37236999196642
2012-01-07 11:00:00,130.66660793576273
2011-03-10 12:00:00,105.28613675561651
2012-12-15 01:00:00,93.58522710446601
2011-12-07 12:00:00,108.41448902565214
2011-04-10 20:00:00,75.15080349032169
2011-02-14 06:00:00,166.57506064664136
2011-03-08 20:00:00,153.62016408911282
2011-09-13 14:00:00,321.5973739137289
2012-02-07 21:00:00,147.48558415928437
2012-05-14 04:00:00,166.44213201064719
2011-05-09 00:00:00,105.60506744582078
2011-01-10 06:00:00,35.69850679361181
2012-05-15 10:00:00,149.93821067527455
2012-04-16 14:00:00,360.1173433259545
2012-01-15 14:00:00,69.48892747731311
2012-12-07 03:00:00,119.1296085354098
2012-05-09 18:00:00,101.79577440110762
2011-03-05 23:00:00,151.87026535283192
2011-09-17 15:00:00,185.21393259573512
2011-03-16 21:00:00,176.312749208818
2011-11-15 20:00:00,176.08500164535337
2011-06-10 23:00:00,198.55846689128572
2012-01-13 16:00:00,130.73149437555082
2011-06-11 02:00:00,154.7703165101419
2012-10-19 12:00:00,261.56814704847983
2012-10-08 12:00:00,255.4781416769837
2011-11-06 12:00:00,254.77247345749993
2011-12-07 21:00:00,63.89420755457388
2012-10-08 00:00:00,139.86970306422276
2011-08-16 19:00:00,312.6881447437336
2012-11-17 15:00:00,314.07002189085114
2012-02-13 18:00:00,175.68514644724098
2011-12-10 23:00:00,143.0522282003096
2012-01-16 23:00:00,76.52075669791418
2012-11-10 00:00:00,88.77481021559478
2012-10-08 11:00:00,251.64863214549737
2011-08-16 15:00:00,374.0051636639093
2011-08-09 19:00:00,312.51973688724456
2012-05-10 18:00:00,290.5939941060343
2012-02-16 15:00:00,103.39680670968787
2012-12-04 22:00:00,252.51877938612125
2011-05-12 04:00:00,47.26348130565478
2012-07-07 05:00:00,207.68866496336128
2012-03-18 11:00:00,136.06372826688082
2012-07-01 16:00:00,528.3825348201813
2012-06-18 03:00:00,147.41550010438257
2012-07-10 23:00:00,129.61216571385597
2011-02-02 19:00:00,141.42574078612034
2011-12-07 18:00:00,104.36234622893346
2011-03-14 06:00:00,104.70351906802735
2011-09-18 15:00:00,260.43558024389586
2012-03-17 06:00:00,97.9090084555742
2012-10-06 08:00:00,136.40410583180937
2011-11-10 10:00:00,151.25993382311952
2011-06-08 01:00:00,122.42149052087873
2011-07-14 08:00:00,296.6715623075735
2011-08-01 10:00:00,391.96524510536415
2012-12-18 00:00:00,128.97452472241628
2012-02-09 14:00:00,158.01413023113875
2011-04-03 19:00:00,218.61613025971235
2011-06-03 01:00:00,311.4076900505095
2011-09-15 22:00:00,168.84051700157505
2011-01-01 10:00:00,108.1937301744196
2011-03-13 21:00:00,110.05164784967695
2012-03-05 13:00:00,97.58822258924619
2011-11-14 02:00:00,235.8424148154669
2011-09-02 07:00:00,123.88910766119992
2011-08-13 18:00:00,200.50348946286073
2011-10-14 07:00:00,165.53988970742773
2012-02-14 02:00:00,121.01582854950347
2011-05-05 08:00:00,187.00379558862807
2012-08-06 05:00:00,177.40320623869215
2012-09-06 00:00:00,151.26898325944867
2011-01-17 10:00:00,25.235969913451697
2012-04-07 17:00:00,363.3691948902889
2012-10-18 18:00:00,268.4698396494734
2011-11-05 14:00:00,344.50788577651605
2012-03-09 07:00:00,161.66945665266329
2012-08-04 12:00:00,473.07290080423945
2012-10-15 08:00:00,284.8441963807409
2011-09-07 09:00:00,128.50293297202367
2011-01-12 13:00:00,97.01745788373275
2011-10-13 16:00:00,234.24703423837997
2012-10-06 16:00:00,405.44406963495453
2011-09-09 03:00:00,128.48135465871437
2012-09-15 03:00:00,187.28339134424843
2012-04-07 07:00:00,168.73341349187464
2012-04-02 04:00:00,130.40581248206882
2012-06-01 11:00:00,217.11983072994605
2012-12-11 22:00:00,187.1496698197002
2012-11-04 03:00:00,138.01104309186954
2012-04-19 22:00:00,200.35851651588305
2011-08-14 19:00:00,217.42778775193221
2011-11-12 03:00:00,64.2651087492919
2011-09-15 14:00:00,243.09272372212763
2012-07-01 13:00:00,521.6381148689469
2011-11-11 22:00:00,244.9892592634605
2012-11-12 08:00:00,135.20940188450788
2012-12-06 19:00:00,158.11427360389456
2012-07-15 18:00:00,224.84544317276212
2012-05-05 08:00:00,95.1323425388529
2012-06-04 15:00:00,319.29272334691575
2012-01-13 04:00:00,62.708457769219706
2012-12-05 13:00:00,320.52718928519147
2011-06-11 01:00:00,151.76790755380875
2012-04-12 03:00:00,119.69691951073818
2012-09-10 21:00:00,258.8518829209912
2011-05-18 07:00:00,111.02419948452926
2012-03-02 21:00:00,104.6158459122807
2012-01-16 15:00:00,90.44638626615442
2011-08-12 13:00:00,374.48143574633696
2012-05-14 13:00:00,196.4816689376335
2011-11-16 20:00:00,121.04403755704374
2012-01-16 04:00:00,0.0
2012-02-17 05:00:00,102.19310561629943
2012-01-08 17:00:00,198.9982848522726
2011-08-14 03:00:00,128.4231155737458
2012-04-19 09:00:00,141.83765356566894
2012-07-17 02:00:00,200.07262061635743
2011-11-11 19:00:00,245.1997084157181
2011-09-17 17:00:00,152.31653142965857
2011-12-05 03:00:00,86.75852782150692
2012-02-01 11:00:00,175.97267118437003
2011-07-05 09:00:00,262.0896883650893
2012-11-06 01:00:00,151.50015496558368
2012-09-12 16:00:00,349.4459673642909
2012-03-14 07:00:00,138.5575043968263
2011-07-12 19:00:00,372.00957186595843
2011-05-15 05:00:00,73.84888514335898
2012-06-16 17:00:00,381.27754025519675
2011-04-03 01:00:00,83.0878067328688
2011-09-11 14:00:00,305.4695705430431
2012-05-06 18:00:00,263.5481673340318
2011-10-02 14:00:00,133.3886028185653
2011-06-01 17:00:00,353.0885893753651
2012-08-18 04:00:00,184.31127823080163
2012-01-12 22:00:00,178.7562937458573
2011-09-02 02:00:00,178.46352078415777
2012-04-06 00:00:00,176.56933282876832
2011-05-04 08:00:00,56.34298890532267
2011-03-14 07:00:00,114.5381208194284
2011-10-19 08:00:00,188.83231305111613
2011-04-15 19:00:00,111.93024447966472
2012-03-08 13:00:00,249.25878937197342
2012-08-07 02:00:00,141.12504657284444
2011-04-04 03:00:00,138.75889073346826
2012-12-02 21:00:00,176.18863573333118
2012-05-08 03:00:00,183.07946574764375
2012-06-02 02:00:00,102.15744743357708
2011-07-13 08:00:00,341.6718675403646
2012-09-11 08:00:00,174.342313487659
2012-09-07 00:00:00,108.64536291396924
2011-11-13 17:00:00,433.0831301298316
2011-03-02 03:00:00,91.65902390441524
2011-02-03 13:00:00,82.48415955526751
2012-03-13 23:00:00,231.08278323052275
2011-05-03 16:00:00,311.1555522901287
2011-10-13 04:00:00,113.4877225898943
2011-09-06 05:00:00,116.2372560712986
2012-06-13 09:00:00,222.4266798637018
2011-03-07 21:00:00,134.1524960307757
2011-08-01 07:00:00,202.29101115446477
2012-05-10 21:00:00,235.86136996844323
2011-02-17 06:00:00,116.39819222826937
2011-08-15 21:00:00,229.81032008357477
2011-02-15 00:00:00,143.15750225249843
2012-01-02 22:00:00,73.66089323140257
2012-12-16 01:00:00,154.7581612294029
2012-05-04 07:00:00,74.16827828982318
2012-02-09 04:00:00,77.81743431869131
2011-09-10 04:00:00,29.449930737732956
2011-09-17 12:00:00,206.74675978313323
2012-11-19 11:00:00,200.43752171118888
2011-05-16 16:00:00,149.89562575030766
2012-05-03 23:00:00,89.82031945760427
2011-03-03 22:00:00,87.22827073349318
2011-03-17 20:00:00,175.49851918236044
2011-08-13 20:00:00,181.64640869139953
2012-02-04 14:00:00,115.30176885777635
2011-09-11 13:00:00,285.6355252600443
2011-06-02 18:00:00,402.193892265708
2011-12-09 17:00:00,179.77186763618027
2011-01-03 22:00:00,47.72968628964088
2011-03-06 10:00:00,81.8343602430532
2011-07-12 21:00:00,336.69980401179726
2011-08-13 22:00:00,188.3873162175782
2011-06-17 00:00:00,100.49968796177674
2011-10-15 20:00:00,316.949582716622
2011-05-10 13:00:00,288.6963184501386
2012-02-05 23:00:00,43.68185929119812
2011-06-16 11:00:00,249.39267216901038
2011-06-19 01:00:00,256.60569634780677
2012-04-15 01:00:00,254.0409693205894
2011-02-04 15:00:00,127.52146530131111
2012-01-10 04:00:00,76.0967325230155
2012-12-04 03:00:00,146.01686827798238
2011-09-01 19:00:00,261.8805980608379
2011-11-09 22:00:00,100.98300312588783
2012-10-10 00:00:00,149.93989012185398
2012-10-12 22:00:00,264.72573280491304
2011-07-02 21:00:00,351.1031605570713
2011-06-08 23:00:00,209.97416824092298
2011-03-09 16:00:00,138.638236568198
2012-02-11 01:00:00,70.6629306431123
2011-02-05 17:00:00,12.605191077350923
2011-01-03 00:00:00,97.01745788373275
2011-08-11 13:00:00,388.52822999162134
2011-12-13 14:00:00,297.4752251675591
2011-12-19 19:00:00,230.9444925110701
2011-03-01 03:00:00,91.65902390441524
2012-08-16 06:00:00,160.4182904857897
2012-10-14 02:00:00,120.27152568997099
2011-05-04 09:00:00,59.088642984993584
2012-09-09 21:00:00,343.6665172526035
2012-05-09 16:00:00,265.6166320595503
2011-08-06 00:00:00,154.85921646533052
2011-09-08 06:00:00,112.7907552329225
2011-09-17 04:00:00,127.98579844125666
2011-02-02 20:00:00,104.87765619207772
2011-12-08 13:00:00,200.81435973107332
2012-04-12 11:00:00,193.77374039224395
2012-01-06 03:00:00,81.10371732099426
2011-11-13 18:00:00,432.13557087789377
2012-04-12 16:00:00,254.12926136272355
2011-05-13 23:00:00,108.71076387569678
2011-01-02 04:00:00,111.0484299859392
2012-01-11 21:00:00,99.81984656658936
2012-10-02 01:00:00,209.81076932987148
2012-08-03 19:00:00,305.9173634039384
2012-09-15 18:00:00,403.24027010046143
2011-05-12 20:00:00,227.96142850448967
2011-04-19 11:00:00,183.66885249989318
2012-03-11 07:00:00,35.30345397731455
2012-11-07 22:00:00,153.00262200846717
2011-05-11 21:00:00,173.11627123666437
2011-03-17 18:00:00,191.57012352527295
2011-02-11 20:00:00,92.20015770185024
2011-02-09 16:00:00,56.62537194682284
2012-10-07 20:00:00,92.59662733046403
2011-01-09 13:00:00,57.72987851321281
2011-04-13 15:00:00,147.48427662349349
2011-06-13 12:00:00,311.7766515650583
2012-06-07 20:00:00,328.0068270038241
2012-01-05 21:00:00,108.73486368769224
2012-09-05 10:00:00,239.94685786777848
2012-05-15 15:00:00,230.9762303704559
2011-08-17 01:00:00,187.4024731941387
2012-08-03 03:00:00,176.59518200054708
2012-05-19 19:00:00,354.11794237214735
2011-01-02 02:00:00,81.82226237417179
2012-01-16 22:00:00,122.90649616725595
2012-09-01 10:00:00,361.6910073183998
2011-06-16 18:00:00,152.368847285396
2012-10-10 13:00:00,297.6347110864549
2011-01-13 18:00:00,84.01727456707661
2011-02-10 08:00:00,26.34706048473973
2011-05-10 02:00:00,170.0116914451636
2011-07-12 07:00:00,290.6211314189037
2012-04-15 20:00:00,304.1407592655834
2011-07-02 22:00:00,331.9220051283227
2012-07-04 11:00:00,375.282864661154
2011-08-09 02:00:00,178.8699319119951
2012-10-09 13:00:00,240.54088685649614
2012-11-17 20:00:00,189.70006468471271
2012-09-06 05:00:00,175.44992606583097
2011-06-13 04:00:00,210.69677239662468
2012-09-05 01:00:00,153.74364227113568
2011-07-08 13:00:00,276.26741757420245
2012-10-04 19:00:00,301.1317113070665
2011-10-02 06:00:00,59.67183394926798
2011-06-18 06:00:00,105.39327654501699
2011-11-19 23:00:00,188.60860450478037
2012-04-09 02:00:00,241.15936782968066
2012-01-07 04:00:00,122.16168073982442
2012-05-01 06:00:00,132.3269370894934
2011-03-19 12:00:00,269.1970637396454
2011-04-06 04:00:00,73.3739068888991
2012-11-07 12:00:00,202.03597793815538
2012-06-19 08:00:00,173.0338099626231
2011-03-10 05:00:00,65.87755592770182
2012-03-12 21:00:00,227.2341677680921
2012-04-16 03:00:00,182.63682181616025
2012-12-17 06:00:00,115.03931596776562
2011-12-16 18:00:00,222.072151785961
2011-10-16 14:00:00,437.2750183804177
2012-09-12 22:00:00,193.6911815874688
2012-03-15 17:00:00,339.68420824446997
2011-04-07 07:00:00,100.30725549429344
2011-11-11 08:00:00,208.0568864497408
2011-08-09 10:00:00,303.3993219752805
2012-07-09 20:00:00,281.2568278562893
2011-06-03 09:00:00,268.6349830686029
2011-01-12 18:00:00,83.19263017900816
2011-01-14 00:00:00,36.73679640210898
2011-08-14 14:00:00,231.6682096360878
2012-05-08 11:00:00,222.07275828365226
2011-11-09 11:00:00,213.56976037953115
2012-12-03 21:00:00,149.75862874248114
2012-08-10 06:00:00,136.1426444719805
2012-08-01 01:00:00,124.12253125604393
2012-06-09 13:00:00,472.4404140534853
2011-09-14 22:00:00,235.19938519801917
2012-07-04 13:00:00,418.9433905897952
2012-11-01 12:00:00,190.71599532638328
2012-10-01 17:00:00,251.7115532791151
2012-02-14 20:00:00,167.09443512488912
2012-01-13 16:00:00,127.63848764692187
2011-08-05 16:00:00,341.6718675403646
2012-05-16 06:00:00,77.50442143895663
2012-04-05 20:00:00,211.72807236957186
2011-10-10 01:00:00,79.13953961376126
2011-03-07 17:00:00,174.34528016273893
2012-09-02 12:00:00,262.18137901738487
2011-07-08 04:00:00,188.36027076663726
2012-06-15 09:00:00,207.4833990520802
2011-01-12 07:00:00,47.72968628964088
2012-08-14 23:00:00,226.84998844778664
2012-12-13 17:00:00,240.33701592300136
2011-12-14 09:00:00,197.95487485133452
2012-03-11 21:00:00,191.69653819869706
2011-12-06 09:00:00,134.9634175442379
2012-10-19 23:00:00,118.85919876464276
2011-09-18 09:00:00,162.9128369958406
2012-04-08 22:00:00,283.21423413975435
2012-01-04 21:00:00,77.66199724083042
2011-09-15 11:00:00,243.4391291567492
2012-05-15 13:00:00,168.75005543642317
2012-12-18 22:00:00,222.63340645111026
2012-06-19 23:00:00,171.2066316699329
2011-07-05 12:00:00,333.9842553131308
2012-08-07 09:00:00,211.8445561652473
2012-11-19 22:00:00,173.5755549028135
2012-09-16 16:00:00,352.35428015951396
2011-12-14 16:00:00,243.43991396637927
2011-04-01 22:00:00,115.49350816396802
2012-03-02 02:00:00,160.3344733505515
2011-04-16 23:00:00,122.97844510347785
2012-09-07 21:00:00,194.99603369426399
2012-07-09 23:00:00,236.40166375982187
2011-12-10 00:00:00,86.40200368900773
2011-01-10 03:00:00,37.97581815615146
2011-10-13 19:00:00,200.11257359035085
2012-01-05 14:00:00,169.59127459449758
2011-08-02 01:00:00,173.92919586707208
2011-03-16 12:00:00,154.89637388544256
2011-06-04 23:00:00,276.3757443565663
2012-11-15 08:00:00,180.52302925577527
2011-10-18 01:00:00,147.08922252648898
2012-10-03 03:00:00,116.84974699474417
2012-12-14 06:00:00,61.69732268711198
2011-09-14 19:00:00,216.62059382778278
2012-07-08 09:00:00,390.8882321869738
2011-03-02 19:00:00,203.60037782219604
2012-08-19 14:00:00,222.9457945277794
2011-03-16 08:00:00,100.23972335376405
2011-12-06 07:00:00,134.32384042004574
2011-01-05 20:00:00,95.88989815561217
2011-11-11 21:00:00,211.90856815960882
2012-11-14 12:00:00,237.42803355804452
2012-12-03 11:00:00,174.1030981617739
2012-03-19 18:00:00,277.17006938683437
2011-10-19 15:00:00,120.51471201158753
2012-09-15 06:00:00,274.75962331072327
2011-04-05 12:00:00,110.85480668898458
2011-10-05 22:00:00,185.31719312551746
2011-03-14 22:00:00,145.5661414210282
2012-05-17 17:00:00,323.00546931357064
2012-03-16 20:00:00,114.75933242283698
2012-06-07 11:00:00,285.7298445922328
2011-09-07 22:00:00,112.7907552329225
2011-01-08 22:00:00,0.0
2011-04-17 03:00:00,118.27843387976617
2012-05-18 05:00:00,122.3938689861167
2011-12-17 03:00:00,123.99761425589477
2012-10-01 07:00:00,164.98950213019822
2012-12-02 15:00:00,201.65741246971015
2011-12-19 09:00:00,115.24653044509311
2012-01-07 00:00:00,160.58605138507582
2012-12-16 14:00:00,162.97054279545966
2012-10-06 22:00:00,216.18285555209243
2011-02-13 13:00:00,210.8940961983043
2011-11-08 06:00:00,82.46097577751523
2011-06-19 17:00:00,278.24448642002926
2012-10-01 07:00:00,167.89266347241522
2011-08-07 20:00:00,148.59090013821194
2011-11-10 23:00:00,212.26242639405856
2011-07-03 18:00:00,307.46009159064477
2012-05-19 16:00:00,395.55615365752567
2012-11-17 12:00:00,308.2444323649372
2012-09-07 22:00:00,206.04053167168266
2012-04-16 01:00:00,257.9330563530074
2012-12-17 10:00:00,141.05782942933982
2012-08-03 13:00:00,365.2707397314708
2012-02-04 12:00:00,105.52354364322873
2012-01-16 04:00:00,0.0
2011-08-10 03:00:00,261.8805980608379
2011-12-05 00:00:00,97.67024435273026
2012-02-01 19:00:00,252.68106116856308
2011-02-08 16:00:00,86.65715484850372
2012-10-06 00:00:00,133.51766173623528
2011-12-17 23:00:00,38.61190738483168
2012-08-05 14:00:00,500.47452828472467
2012-06-17 07:00:00,133.27989287918683
2011-07-05 17:00:00,329.61606695855204
2011-06-08 08:00:00,262.66272235305894
2011-11-10 05:00:00,91.78871286079126
2012-06-13 14:00:00,325.8364704268603
2012-08-04 15:00:00,481.68786394660236
2012-09-05 17:00:00,254.24658431215488
2011-06-03 11:00:00,339.73276190147396
2011-09-12 00:00:00,96.09276588632417
2012-08-10 17:00:00,332.9134102020852
2011-07-03 20:00:00,171.51352581135814
2012-04-19 08:00:00,120.08936076733887
2012-07-12 07:00:00,182.02655379644196
2012-03-05 00:00:00,106.90816898498858
2012-09-14 20:00:00,231.47595862537568
2012-01-05 04:00:00,76.12926595923983
2012-04-02 17:00:00,268.4559084504774
2011-04-11 04:00:00,91.48844527245855
2012-09-04 10:00:00,227.8160211227534
2012-08-13 14:00:00,365.9762295253705
2012-01-15 15:00:00,109.02034556362977
2011-10-16 10:00:00,352.80627802956093
2012-12-17 13:00:00,146.01686827798238
2011-01-02 17:00:00,132.61052012643768
2012-10-10 01:00:00,147.08922252648898
2012-09-13 07:00:00,122.69672242006041
2012-06-03 16:00:00,395.96895224026514
2012-12-07 18:00:00,192.9848378199731
2012-04-06 19:00:00,268.89403918661327
2011-11-12 15:00:00,424.71033138710953
2011-10-06 04:00:00,230.84853294968923
2012-10-09 23:00:00,198.00426342246578
2012-04-12 17:00:00,272.99845064074555
2011-04-15 13:00:00,235.4958213115341
2011-09-10 03:00:00,0.0
2012-04-17 14:00:00,347.5440300290473
2012-07-18 07:00:00,255.0035232756543
2011-03-08 16:00:00,201.17329574859366
2012-01-03 07:00:00,41.175017388272295
2012-10-02 23:00:00,119.75072623042367
2011-01-15 07:00:00,10.95494925768412
2012-02-10 11:00:00,117.98230665117477
2011-03-17 10:00:00,220.35405281058087
2011-01-11 17:00:00,73.99309425594703
2011-04-03 08:00:00,113.64659042581768
2011-09-08 04:00:00,104.22829739257016
2012-02-02 17:00:00,201.45660087859358
2011-10-11 03:00:00,162.4592608795483
2011-08-06 20:00:00,228.38279583027327
2011-02-05 00:00:00,67.83672246723624
2012-06-09 10:00:00,297.5549214594472
2011-07-18 13:00:00,324.277433800485
2011-04-15 21:00:00,128.09624324366627
2011-05-14 13:00:00,73.67082303312179
2011-05-11 20:00:00,183.79158799480643
2011-11-13 03:00:00,208.45992875719557
2012-10-07 14:00:00,233.25004708568977
2012-04-14 09:00:00,172.74800436289155
2012-01-17 19:00:00,191.6458487739519
2011-08-01 11:00:00,404.77182198160153
2011-02-11 12:00:00,95.34900576364836
2012-08-02 05:00:00,102.19905494421225
2011-12-10 02:00:00,181.42561311638593
2011-01-05 19:00:00,109.57210912287907
2011-06-01 10:00:00,226.28047278533037
2011-04-18 15:00:00,271.1979732427697
2011-03-15 22:00:00,117.2976917326988
2012-06-12 15:00:00,132.3572503975503
2011-04-04 00:00:00,176.7801119040659
2011-02-08 03:00:00,81.65324776879156
2012-06-14 15:00:00,305.84084468020393
2011-07-14 10:00:00,337.2032258444111
2011-02-16 09:00:00,109.89909125466446
2012-07-12 18:00:00,318.0591544365035
2012-09-08 00:00:00,93.71559872949595
2011-11-09 04:00:00,86.75852782150692
2011-09-18 20:00:00,208.81974140245586
2012-10-03 20:00:00,254.32273591388406
2011-04-11 10:00:00,161.35565639098675
2012-03-17 04:00:00,87.3588611430861
2012-07-12 03:00:00,193.91511011523596
2012-12-10 10:00:00,130.92296596989152
2011-11-10 19:00:00,179.85758652593952
2012-09-08 03:00:00,135.71867169411263
2011-09-08 03:00:00,97.51138399951274
2011-06-15 15:00:00,323.9899315820973
2011-06-04 13:00:00,413.92509372609834
2011-05-06 12:00:00,255.43227941160018
2011-10-16 09:00:00,333.7341644247048
2011-06-18 11:00:00,247.56113089532442
2011-05-15 13:00:00,187.57160238532654
2012-01-05 11:00:00,131.10792562382738
2011-08-05 03:00:00,145.99872998272565
2012-12-05 10:00:00,268.8078344003434
2012-03-02 20:00:00,131.15823998882195
2012-11-09 17:00:00,284.4924688234084
2011-03-15 02:00:00,121.19554388922418
2012-06-07 21:00:00,307.5236588919896
2012-06-09 22:00:00,270.9555719036941
2011-04-01 12:00:00,143.93927718590757
2012-06-17 02:00:00,219.19864319846954
2012-03-18 11:00:00,138.9421212593287
2011-01-03 07:00:00,50.99251427576178
2012-06-03 22:00:00,309.0199048919388
2011-05-04 11:00:00,114.5048429859004
2012-06-03 10:00:00,334.5468956699234
2011-07-10 05:00:00,153.22105966129834
2011-04-12 02:00:00,247.21046735884204
2012-08-01 00:00:00,165.0226280404168
2012-04-03 02:00:00,153.50127418887206
2011-05-03 08:00:00,160.43471914720342
2011-05-17 13:00:00,150.757059165259
2011-11-19 01:00:00,143.5271259035725
2011-02-14 11:00:00,286.6353782075345
2011-06-05 16:00:00,300.57243051968373
2011-11-01 06:00:00,116.86589635411832
2011-06-09 02:00:00,178.48322394273288
2012-01-04 18:00:00,37.21139708172868
2011-05-09 05:00:00,119.82571364131927
2012-11-06 04:00:00,119.1868302310434
2012-12-04 07:00:00,115.36031218543837
2012-01-12 21:00:00,172.54865138886345
2012-04-18 14:00:00,124.85156888353654
2012-12-12 22:00:00,200.28471508330117
2012-08-01 14:00:00,342.41654433513696
2012-06-08 20:00:00,332.36337186956956
2011-09-05 05:00:00,238.18421106011655
2012-03-12 15:00:00,264.9061337629431
2011-11-11 03:00:00,147.55893698411745
2012-02-16 00:00:00,104.56316561259177
2012-12-11 00:00:00,138.31268708380193
2011-05-06 11:00:00,226.79928891853965
2012-08-18 09:00:00,246.8472574924666
2012-09-13 09:00:00,217.1013108423361
2012-09-16 05:00:00,124.60163654186334
2012-01-03 18:00:00,23.252213573612153
2011-04-03 10:00:00,191.2148783331968
2011-10-19 17:00:00,144.53365788963185
2011-08-07 11:00:00,310.19454739620727
2011-12-09 02:00:00,125.24355678487859
2011-09-15 02:00:00,173.97506672993902
2012-09-15 23:00:00,199.86867494103387
2011-03-07 15:00:00,173.38268713277984
2011-11-16 15:00:00,138.78505517788454
2012-02-02 11:00:00,111.67427754105199
2011-10-09 09:00:00,139.28417156258155
2012-11-07 05:00:00,178.56703187795438
2011-12-16 05:00:00,310.5442001160013
2011-01-14 23:00:00,68.40746710940664
2011-02-19 09:00:00,250.16729136188337
2012-03-17 05:00:00,93.76246060038717
